RECNO,Name,StaadName,D,B,T,AX,Rmin
1,L2x2x1/8,L20202,2.0,2.0,0.125,0.484,0.398
2,L2x2x3/16,L20203,2.0,2.0,0.188,0.717,0.394
3,L2x2x1/4,L20204,2.0,2.0,0.25,0.938,0.391
4,L2x2x5/16,L20205,2.0,2.0,0.313,1.154,0.39
5,L2x2x3/8,L20206,2.0,2.0,0.375,1.359,0.389
6,L2-1/2x2x3/16,L25203,2.5,2.0,0.188,0.811,0.427
7,L2-1/2x2-1/2x3/16,L25253,2.5,2.5,0.188,0.905,0.495
8,L2-1/2x2x1/4,L25204,2.5,2.0,0.25,1.063,0.424
9,L2-1/2x2-1/2x1/4,L25254,2.5,2.5,0.25,1.188,0.491
10,L2-1/2x2x5/16,L25205,2.5,2.0,0.313,1.311,0.422
11,L2-1/2x2-1/2x5/16,L25255,2.5,2.5,0.313,1.467,0.489
12,L2-1/2x2x3/8,L25206,2.5,2.0,0.375,1.547,0.42
13,L2-1/2x2-1/2x3/8,L25256,2.5,2.5,0.375,1.734,0.487
14,L2-1/2x2-1/2x1/2,L25258,2.5,2.5,0.5,2.25,0.487
15,L3x2x3/16,L30203,3.0,2.0,0.188,0.905,0.439
16,L3x2-1/2x3/16,L30253,3.0,2.5,0.188,0.999,0.533
17,L3x3x3/16,L30303,3.0,3.0,0.188,1.093,0.596
18,L3x2x1/4,L30204,3.0,2.0,0.25,1.188,0.435
19,L3x2-1/2x1/4,L30254,3.0,2.5,0.25,1.313,0.528
20,L3x3x1/4,L30304,3.0,3.0,0.25,1.438,0.592
21,L3x2x5/16,L30205,3.0,2.0,0.313,1.467,0.432
22,L3x2-1/2x5/16,L30255,3.0,2.5,0.313,1.624,0.525
23,L3x2x3/8,L30206,3.0,2.0,0.375,1.734,0.43
24,L3x3x5/16,L30305,3.0,3.0,0.313,1.78,0.589
25,L3x2-1/2x3/8,L30256,3.0,2.5,0.375,1.922,0.522
26,L3x2x7/16,L30207,3.0,2.0,0.438,1.998,0.429
27,L3x3x3/8,L30306,3.0,3.0,0.375,2.109,0.587
28,L3x2-1/2x7/16,L30257,3.0,2.5,0.438,2.217,0.521
29,L3x2x1/2,L30208,3.0,2.0,0.5,2.25,0.428
30,L3x3x7/16,L30307,3.0,3.0,0.438,2.436,0.585
31,L3x2-1/2x1/2,L30258,3.0,2.5,0.5,2.5,0.52
32,L3x3x1/2,L30308,3.0,3.0,0.5,2.75,0.584
33,L3-1/2x2-1/2x1/4,L35254,3.5,2.5,0.25,1.438,0.544
34,L3-1/2x31/4,L35304,3.5,3.0,0.25,1.563,0.631
35,L3-1/2x3-1/2x1/4,L35354,3.5,3.5,0.25,1.688,0.694
36,L3-1/2x2-1/2x5/16,L35255,3.5,2.5,0.313,1.78,0.54
37,L3-1/2x3x5/16,L35305,3.5,3.0,0.313,1.937,0.627
38,L3-1/2x3-1/2x5/16,L35355,3.5,3.5,0.313,2.093,0.69
39,L3-1/2x2-1/2x3/8,L35256,3.5,2.5,0.375,2.109,0.537
40,L3-1/2x3x3/8,L35306,3.5,3.0,0.375,2.297,0.625
41,L3-1/2x2-1/2x7/16,L35257,3.5,2.5,0.438,2.436,0.535
42,L3-1/2x3-1/2x3/8,L35356,3.5,3.5,0.375,2.484,0.687
43,L3-1/2x3x7/16,L35307,3.5,3.0,0.438,2.655,0.622
44,L3-1/2x2-1/2x1/2,L35258,3.5,2.5,0.5,2.75,0.534
45,L3-1/2x3-1/2x7,L35357,3.5,3.5,0.438,2.874,0.684
46,L3-1/2x3x1/2,L35308,3.5,3.0,0.5,3.0,0.621
47,L3-1/2x3-1/2x1/2,L35358,3.5,3.5,0.5,3.25,0.683
48,L4x3x1/4,L40304,4.0,3.0,0.25,1.688,0.651
49,L4x3-1/2x1/4,L40354,4.0,3.5,0.25,1.813,0.734
50,L4x4x1/4,L40404,4.0,4.0,0.25,1.938,0.795
51,L4x3x5/16,L40305,4.0,3.0,0.313,2.093,0.647
52,L4x3-1/2x5/16,L40355,4.0,3.5,0.313,2.25,0.73
53,L4x4x5/16,L40405,4.0,4.0,0.313,2.406,0.791
54,L4x3x3/8,L40306,4.0,3.0,0.375,2.484,0.644
55,L4x3-1/2x3/8,L40356,4.0,3.5,0.375,2.672,0.727
56,L4x4x3/8,L40406,4.0,4.0,0.375,2.859,0.788
57,L4x3x7/16,L40307,4.0,3.0,0.438,2.874,0.641
58,L4x3-1/2x7,L40357,4.0,3.5,0.438,3.093,0.724
59,L4x3x1/2,L40308,4.0,3.0,0.5,3.25,0.639
60,L4x4x7/16,L40407,4.0,4.0,0.438,3.312,0.785
61,L4x3-1/2x1/2,L40358,4.0,3.5,0.5,3.5,0.722
62,L4x4x1/2,L40408,4.0,4.0,0.5,3.75,0.782
63,L4x3x5/8,L403010,4.0,3.0,0.625,3.984,0.637
64,L4x3-1/2x5/8,L403510,4.0,3.5,0.625,4.297,0.719
65,L4x4x5/8,L404010,4.0,4.0,0.625,4.609,0.779
66,L4x4x3/4,L404012,4.0,4.0,0.75,5.438,0.778
67,L5x3x1/4,L50304,5.0,3.0,0.25,1.938,0.663
68,L5x3-1/2x1/4,L50354,5.0,3.5,0.25,2.063,0.77
69,L5x3x5/16,L50305,5.0,3.0,0.313,2.406,0.658
70,L5x3-1/2x5/16,L50355,5.0,3.5,0.313,2.563,0.766
71,L5x3x3/8,L50306,5.0,3.0,0.375,2.859,0.654
72,L5x5x5/16,L50505,5.0,5.0,0.313,3.032,0.994
73,L5x3-1/2x3/8,L50356,5.0,3.5,0.375,3.047,0.762
74,L5x3x7/16,L50307,5.0,3.0,0.433,3.277,0.651
75,L5x3-1/2x7/16,L50357,5.0,3.5,0.433,3.493,0.758
76,L5x5x3/8,L50506,5.0,5.0,0.375,3.609,0.99
77,L5x3x1/2,L50308,5.0,3.0,0.5,3.75,0.648
78,L5x3-1/2x1/2,L50358,5.0,3.5,0.5,4.0,0.755
79,L5x5x7/16,L50507,5.0,5.0,0.433,4.143,0.986
80,L5x3x5/8,L503010,5.0,3.0,0.625,4.609,0.644
81,L5x5x1/2,L50508,5.0,5.0,0.5,4.75,0.983
82,L5x3-1/2x5/8,L503510,5.0,3.5,0.625,4.922,0.751
83,L5x3-1/2x3/4,L503512,5.0,3.5,0.75,5.813,0.748
84,L5x5x5/8,L505010,5.0,5.0,0.625,5.859,0.978
85,L5x5x3/4,L505012,5.0,5.0,0.75,6.938,0.975
86,L5x5x7/8,L505014,5.0,5.0,0.875,7.984,0.973
87,L6x3-1/2x5/16,L60355,6.0,3.5,0.313,2.876,0.772
88,L6x4x5/16,L60405,6.0,4.0,0.313,3.032,0.882
89,L6x3-1/2x3/8,L60356,6.0,3.5,0.375,3.422,0.767
90,L6x4x3/8,L60406,6.0,4.0,0.375,3.609,0.877
91,L6x6x5/16,L60605,6.0,6.0,0.313,3.658,1.2
92,L6x4x7/16,L60407,6.0,4.0,0.438,4.188,0.873
93,L6x6x3/8,L60606,6.0,6.0,0.375,4.359,1.19
94,L6x3-1/2x1/2,L60358,6.0,3.5,0.5,4.5,0.759
95,L6x4x1/2,L60408,6.0,4.0,0.5,4.75,0.87
96,L6x6x7/16,L60607,6.0,6.0,0.438,5.064,1.19
97,L6x4x9/16,L60409,6.0,4.0,0.563,5.313,0.866
98,L6x6x1/2,L60608,6.0,6.0,0.5,5.75,1.18
99,L6x4x5/8,L604010,6.0,4.0,0.625,5.859,0.864
100,L6x6x9/16,L60609,6.0,6.0,0.563,6.439,1.18
101,L6x4x3/4,L604012,6.0,4.0,0.75,6.938,0.86
102,L6x6x5/8,L606010,6.0,6.0,0.625,7.109,1.18
103,L6x4x7/8,L604014,6.0,4.0,0.875,7.984,0.857
104,L6x6x3/4,L606012,6.0,6.0,0.75,8.438,1.17
105,L6x6x7/8,L606014,6.0,6.0,0.875,9.734,1.17
106,L6x6x1,L606016,6.0,6.0,1.0,11.0,1.17
107,L7x4x3/8,L70406,7.0,4.0,0.375,3.984,0.88
108,L7x4x1/2,L70408,7.0,4.0,0.5,5.25,0.872
109,L7x4x5/8,L704010,7.0,4.0,0.625,6.484,0.865
110,L7x4x3/4,L704012,7.0,4.0,0.75,7.688,0.86
111,L8x4x1/2,L80408,8.0,4.0,0.5,5.75,0.865
112,L8x6x7/16,L80607,8.0,6.0,0.438,5.94,1.31
113,L8x4x9/16,L80409,8.0,4.0,0.563,6.439,0.861
114,L8x6x1/2,L80608,8.0,6.0,0.5,6.75,1.3
115,L8x6x9/16,L80609,8.0,6.0,0.563,7.565,1.3
116,L8x8x1/2,L80808,8.0,8.0,0.5,7.75,1.59
117,L8x6x5/8,L806010,8.0,6.0,0.625,8.359,1.29
118,L8x4x3/4,L804012,8.0,4.0,0.75,8.438,0.852
119,L8x8x9/16,L80809,8.0,8.0,0.563,8.691,1.59
120,L8x8x5/8,L808010,8.0,8.0,0.625,9.609,1.58
121,L8x6x3/4,L806012,8.0,6.0,0.75,9.938,1.29
122,L8x4x1,L804016,8.0,4.0,1.0,11.0,0.846
123,L8x8x3/4,L808012,8.0,8.0,0.75,11.438,1.58
124,L8x6x7/8,L806014,8.0,6.0,0.875,11.484,1.28
125,L8x6x1,L806016,8.0,6.0,1.0,13.0,1.28
126,L8x8x7/8,L808014,8.0,8.0,0.875,13.234,1.57
127,L8x8x1,L808016,8.0,8.0,1.0,15.0,1.56
128,L8x8x1-1/8,L808018,8.0,8.0,1.125,16.734,1.56
129,L9x4x1/2,L90408,9.0,4.0,0.5,6.25,0.854
130,L9x4x9/16,L90409,9.0,4.0,0.563,7.002,0.85
131,L9x4x5/8,L904010,9.0,4.0,0.625,7.734,0.847
