RECNO,Name,StaadName,TopRootBeam,BottomRootBeam,e,b,dt,dg,phi,ho,AvgWt,Anet,Agross,lxnet,lxgross,Sxnet,Sxgross,rxmin,ly,Sy,n,beffec,Actr,NAHt,ltr,leffec,Sxconc,Sxsteel
1,CCB12x10,CCB12x10,W8X10,W8X10,9.625,2.0,2.25,11.28,59.461,6.78,10.0,2.388,3.541,65.546,69.962,11.622,12.405,4.445,2.102,1.067,8.305,120.0,43.35,15.477,324.852,324.852,180.161,20.99
2,CCB12x13,CCB12x13,W8X13,W8X13,9.625,2.0,2.25,11.48,60.184,6.98,13.0,3.035,4.64,85.324,91.842,14.865,16.0,4.449,2.735,1.367,8.305,120.0,43.35,15.459,411.763,411.763,203.783,26.635
3,CCB12x15,CCB12x15,W8X15,W8X15,9.625,2.25,2.25,11.72,58.066,7.22,15.0,3.555,5.324,104.756,112.441,17.877,19.188,4.596,3.413,1.707,8.305,120.0,43.35,15.538,487.756,487.756,223.522,31.391
4,CCB12x18,CCB12x18,W8X18,W8X18,9.625,2.0,2.25,11.78,61.213,7.28,18.0,4.425,6.1,134.89,142.285,22.902,24.157,4.83,7.973,3.987,8.305,120.0,43.35,15.37,600.029,600.029,249.001,39.038
5,CCB12x21,CCB12x21,W8X21,W8X21,9.625,2.0,2.5,11.56,58.627,6.56,21.0,5.343,6.983,153.581,159.462,26.571,27.589,4.779,9.774,4.887,8.305,120.0,43.35,14.955,688.526,688.526,264.32,46.04
6,CCB12x24,CCB12x24,W8X24,W8X24,9.625,1.75,2.5,10.86,59.151,5.86,24.0,6.302,7.738,160.776,164.884,29.609,30.365,4.616,18.282,9.141,8.305,120.0,43.35,14.109,735.774,735.774,267.417,52.151
7,CCB12x28,CCB12x28,W8X28,W8X28,9.625,1.75,2.5,11.12,60.235,6.12,28.0,7.315,9.059,194.243,199.687,34.936,35.915,4.695,21.648,10.824,8.305,120.0,43.35,14.168,860.156,860.156,291.371,60.712
8,CCB12x31,CCB12x31,W8X31,W8X31,9.625,1.75,2.5,11.0,59.744,6.0,31.0,8.21,9.92,215.694,220.824,39.217,40.15,4.718,37.069,18.535,8.305,120.0,43.35,13.909,938.477,938.477,303.601,67.473
9,CCB12x35,CCB12x35,W8X35,W8X35,9.625,1.75,2.5,11.24,60.712,6.24,35.0,9.26,11.195,252.854,259.131,44.992,46.109,4.811,42.578,21.289,8.305,120.0,43.35,13.969,1066.913,1066.913,326.156,76.378
10,CCB12x40,CCB12x40,W8X40,W8X40,9.625,1.75,2.5,11.5,61.699,6.5,40.0,10.512,12.852,298.014,306.253,51.829,53.261,4.881,49.078,24.539,8.305,120.0,43.35,14.029,1219.98,1219.98,351.499,86.96
11,CCB15x12,CCB15x12,W10X12,W10X12,9.625,3.0,2.5,14.74,58.366,9.74,12.0,2.611,4.461,123.542,138.172,16.763,18.748,5.565,2.187,1.104,8.305,120.0,43.35,18.715,499.553,499.553,246.727,26.692
12,CCB15x12/15,CCB15x12/15,W10X12,W10X15,9.625,3.0,2.5,14.86,58.676,9.86,13.5,2.937,5.01,139.515,156.517,17.028,19.627,5.589,2.541,1.283,8.305,120.0,43.35,18.653,613.245,613.245,277.825,32.877
13,CCB15x12/17,CCB15x12/17,W10X12,W10X17,9.625,3.0,2.5,14.98,58.975,9.98,14.5,3.188,5.34,151.192,170.052,17.264,20.333,5.643,2.874,1.452,8.305,120.0,43.35,18.639,704.508,704.508,300.976,37.797
14,CCB15x15,CCB15x15,W10X15,W10X15,9.625,3.0,2.5,14.98,58.986,9.98,15.0,3.263,5.558,159.471,178.523,21.291,23.835,5.667,2.895,1.448,8.305,120.0,43.35,18.727,626.582,626.582,278.134,33.458
15,CCB15x12/19,CCB15x12/19,W10X12,W10X19,9.625,3.0,2.5,15.11,59.287,10.11,15.5,3.458,5.693,162.467,183.779,17.49,21.021,5.681,3.24,1.636,8.305,120.0,43.35,18.634,803.321,803.321,324.389,43.111
16,CCB15x15/17,CCB15x15/17,W10X15,W10X17,9.625,3.0,2.5,15.1,59.285,10.1,16.0,3.514,5.888,174.152,194.618,21.605,24.709,5.749,3.229,1.614,8.305,120.0,43.35,18.717,718.576,718.576,301.507,38.392
17,CCB15x17,CCB15x17,W10X17,W10X17,9.625,2.75,2.75,14.72,59.183,9.22,17.0,3.885,6.098,180.692,196.368,24.551,26.68,5.675,3.563,1.781,8.305,120.0,43.35,18.295,713.98,713.98,294.424,39.026
18,CCB15x15/19,CCB15x15/19,W10X15,W10X19,9.625,3.0,2.5,15.23,59.597,10.23,17.0,3.784,6.242,188.466,211.013,21.903,25.556,5.814,3.594,1.797,8.305,120.0,43.35,18.714,818.206,818.206,325.164,43.722
19,CCB15x17/19,CCB15x17/19,W10X17,W10X19,9.625,2.75,2.75,14.85,59.531,9.35,18.0,4.158,6.449,196.481,213.411,24.932,27.588,5.752,3.928,1.964,8.305,120.0,43.35,18.297,810.166,810.166,317.31,44.279
20,CCB15x15/22,CCB15x15/22,W10X15,W10X22,9.625,3.0,2.5,15.16,59.43,10.16,18.5,4.254,6.642,204.392,229.095,22.012,26.358,5.873,7.159,3.579,8.305,120.0,43.35,18.44,972.962,972.962,357.713,52.764
21,CCB15x19,CCB15x19,W10X19,W10X19,9.625,2.5,3.0,14.48,59.475,8.48,19.0,4.556,6.676,201.849,214.553,27.88,29.634,5.669,4.294,2.147,8.305,120.0,43.35,17.889,802.236,802.236,309.598,44.846
22,CCB15x15/26,CCB15x15/26,W10X15,W10X26,9.625,3.0,2.5,15.32,59.806,10.32,20.5,4.745,7.278,222.082,251.95,22.326,27.368,5.884,8.5,4.25,8.305,120.0,43.35,18.396,1147.197,1147.197,392.287,62.362
23,CCB15x19/22,CCB15x19/22,W10X19,W10X22,9.625,2.5,3.0,14.41,59.266,8.41,20.5,5.02,7.081,221.327,234.196,28.129,30.563,5.751,7.859,3.929,8.305,120.0,43.35,17.634,942.023,942.023,339.328,53.421
24,CCB15x22,CCB15x22,W10X22,W10X22,9.625,2.5,3.0,14.34,59.056,8.34,22.0,5.484,7.486,244.768,256.37,34.138,35.756,5.852,11.423,5.712,8.305,120.0,43.35,17.535,940.283,940.283,335.216,53.623
25,CCB15x15/30,CCB15x15/30,W10X15,W10X30,9.625,3.0,2.5,15.46,60.122,10.46,22.5,5.23,8.019,236.573,272.088,22.567,28.211,5.825,9.793,4.896,8.305,120.0,43.35,18.349,1316.833,1316.833,423.245,71.767
26,CCB15x17/30,CCB15x17/30,W10X17,W10X30,9.625,2.75,2.75,15.08,60.113,9.58,23.5,5.616,8.214,251.13,277.322,25.807,30.402,5.811,10.127,5.063,8.305,120.0,43.35,17.95,1290.663,1290.663,412.374,71.903
27,CCB15x19/30,CCB15x19/30,W10X19,W10X30,9.625,2.5,3.0,14.71,60.129,8.71,24.5,6.027,8.428,262.286,281.145,29.007,32.624,5.776,10.493,5.247,8.305,120.0,43.35,17.56,1265.106,1265.106,401.676,72.043
28,CCB15x26,CCB15x26,W10X26,W10X26,9.625,2.5,3.0,14.66,59.999,8.66,26.0,6.486,8.738,302.985,317.056,41.335,43.255,6.024,14.105,7.053,8.305,120.0,43.35,17.621,1125.076,1125.076,370.16,63.85
29,CCB15x30,CCB15x30,W10X30,W10X30,9.625,2.5,3.0,14.94,60.782,8.94,30.0,7.497,10.179,361.863,379.726,48.442,50.833,6.108,16.692,8.346,8.305,120.0,43.35,17.684,1310.305,1310.305,402.465,74.094
30,CCB15x22/39,CCB15x22/39,W10X22,W10X39,9.625,2.5,3.0,14.09,58.264,8.09,30.5,7.791,10.027,306.61,323.559,34.09,37.533,5.681,28.21,14.105,8.305,120.0,43.35,16.572,1542.395,1542.395,438.448,93.071
31,CCB15x26/39,CCB15x26/39,W10X26,W10X39,9.625,2.5,3.0,14.25,58.736,8.25,32.5,8.292,10.652,348.669,364.938,40.634,43.958,5.853,29.551,14.775,8.305,120.0,43.35,16.693,1573.078,1573.078,442.26,94.235
32,CCB15x33,CCB15x33,W10X33,W10X33,9.625,2.25,3.0,13.46,58.901,7.46,33.0,8.49,10.654,335.017,345.05,49.78,51.27,5.691,36.587,18.294,8.305,120.0,43.35,16.135,1263.064,1263.064,379.923,78.279
33,CCB15x22/45,CCB15x22/45,W10X22,W10X45,9.625,2.5,3.0,14.27,58.842,8.27,33.5,8.586,11.022,329.521,350.672,34.6,38.616,5.641,32.378,16.189,8.305,120.0,43.35,16.528,1773.727,1773.727,474.021,107.316
34,CCB15x26/45,CCB15x26/45,W10X26,W10X45,9.625,2.5,3.0,14.43,59.313,8.43,35.5,9.087,11.648,376.708,396.827,41.255,45.204,5.837,33.719,16.859,8.305,120.0,43.35,16.651,1807.739,1807.739,478.403,108.564
35,CCB15x39,CCB15x39,W10X39,W10X39,9.625,2.25,3.0,13.84,60.145,7.84,39.0,10.097,12.567,420.297,432.946,60.737,62.565,5.869,44.996,22.498,8.305,120.0,43.35,16.232,1522.108,1522.108,421.916,93.77
36,CCB15x45,CCB15x45,W10X45,W10X45,9.625,2.25,3.0,14.2,61.243,8.2,45.0,11.688,14.558,509.4,525.482,71.746,74.011,6.008,53.332,26.666,8.305,120.0,43.35,16.335,1784.313,1784.313,461.64,109.234
37,CCB15x49,CCB15x49,W10X49,W10X49,9.625,2.881,2.495,14.97,60.0,9.98,49.0,12.593,15.986,632.452,660.616,84.496,88.259,6.428,93.357,46.678,8.305,120.0,43.35,16.916,2073.444,2073.444,511.415,122.575
38,CCB15x54,CCB15x54,W10X54,W10X54,9.625,2.913,2.523,15.135,60.0,10.09,54.0,13.826,17.559,705.523,737.196,93.231,97.416,6.48,103.452,51.726,8.305,120.0,43.35,16.907,2275.527,2275.527,538.252,134.588
39,CCB15x60,CCB15x60,W10X60,W10X60,9.625,2.95,2.555,15.33,60.0,10.22,60.0,15.361,19.653,797.843,835.204,104.089,108.963,6.519,116.109,58.054,8.305,120.0,43.35,16.899,2526.664,2526.664,570.239,149.515
40,CCB18x14,CCB18x14,W12X14,W12X14,9.625,3.5,3.0,17.82,59.365,11.82,14.0,2.974,5.338,203.837,231.361,22.877,25.966,6.584,2.361,1.189,8.305,120.0,43.35,21.54,735.29,735.29,322.494,34.136
41,CCB18x14/16,CCB18x14/16,W12X14,W12X16,9.625,3.5,3.0,17.9,59.534,11.9,15.0,3.185,5.684,219.606,249.282,23.111,26.742,6.622,2.591,1.305,8.305,120.0,43.35,21.497,832.867,832.867,346.614,38.743
42,CCB18x16,CCB18x16,W12X16,W12X16,9.625,3.25,3.25,17.48,59.375,10.98,16.0,3.505,5.921,227.161,251.43,25.991,28.768,6.516,2.821,1.414,8.305,120.0,43.35,21.037,827.456,827.456,338.758,39.333
43,CCB18x14/19,CCB18x14/19,W12X14,W12X19,9.625,3.5,3.0,18.07,59.88,12.07,16.5,3.55,6.18,245.234,278.915,23.54,28.081,6.718,3.062,1.543,8.305,120.0,43.35,21.465,1007.689,1007.689,386.805,46.946
44,CCB18x16/19,CCB18x16/19,W12X16,W12X19,9.625,3.25,3.25,17.65,59.755,11.15,17.5,3.875,6.412,255.269,282.284,26.537,30.219,6.635,3.293,1.651,8.305,120.0,43.35,21.012,996.599,996.599,377.726,47.431
45,CCB18x14/22,CCB18x14/22,W12X14,W12X22,9.625,3.5,3.0,18.22,60.175,12.22,18.0,3.908,6.73,266.047,305.026,23.853,29.153,6.732,3.507,1.767,8.305,120.0,43.35,21.432,1176.876,1176.876,422.197,54.911
46,CCB18x19,CCB18x19,W12X19,W12X19,9.625,3.5,3.25,17.82,58.268,11.32,19.0,4.244,6.904,289.367,317.774,32.477,35.665,6.784,3.764,1.882,8.305,120.0,43.35,21.14,1016.833,1016.833,379.387,48.1
47,CCB18x16/22,CCB18x16/22,W12X16,W12X22,9.625,3.25,3.25,17.8,60.077,11.3,19.0,4.239,6.957,278.477,309.588,26.934,31.371,6.671,3.738,1.874,8.305,120.0,43.35,20.983,1161.164,1161.164,412.261,55.337
48,CCB18x14/26,CCB18x14/26,W12X14,W12X26,9.625,3.5,3.0,18.13,59.999,12.13,20.0,4.594,7.207,292.176,337.833,24.039,30.406,6.847,9.845,4.96,8.305,120.0,43.35,21.035,1476.87,1476.87,477.246,70.209
49,CCB18x19/22,CCB18x19/22,W12X19,W12X22,9.625,3.5,3.25,17.97,58.602,11.47,20.5,4.608,7.448,317.952,349.477,32.977,36.996,6.85,4.21,2.105,8.305,120.0,43.35,21.114,1183.411,1183.411,414.418,56.048
50,CCB18x16/26,CCB18x16/26,W12X16,W12X26,9.625,3.25,3.25,17.71,59.885,11.21,21.0,4.918,7.441,308.01,344.052,27.206,32.748,6.8,10.075,5.05,8.305,120.0,43.35,20.6,1446.07,1446.07,464.958,70.198
51,CCB18x22,CCB18x22,W12X22,W12X22,9.625,3.5,3.25,18.12,58.935,11.62,22.0,4.972,7.993,351.472,385.467,38.794,42.546,6.944,4.655,2.327,8.305,120.0,43.35,21.227,1204.095,1204.095,416.141,56.726
52,CCB18x19/26,CCB18x19/26,W12X19,W12X26,9.625,3.5,3.25,17.88,58.403,11.38,22.5,5.287,7.933,355.565,389.562,33.334,38.645,7.008,10.547,5.273,8.305,120.0,43.35,20.735,1472.027,1472.027,467.98,70.994
53,CCB18x16/30,CCB18x16/30,W12X16,W12X30,9.625,3.25,3.25,17.83,60.139,11.33,23.0,5.391,8.117,327.023,369.697,27.47,33.672,6.749,11.583,5.806,8.305,120.0,43.35,20.529,1649.932,1649.932,499.838,80.371
54,CCB18x19/30,CCB18x19/30,W12X19,W12X30,9.625,3.5,3.25,18.0,58.667,11.5,24.5,5.76,8.608,379.751,419.749,33.665,39.697,6.983,12.054,6.027,8.305,120.0,43.35,20.666,1678.562,1678.562,503.411,81.225
55,CCB18x16/35,CCB18x16/35,W12X16,W12X35,9.625,3.25,3.25,17.99,60.466,11.49,25.5,6.022,9.029,349.164,401.108,27.792,34.817,6.665,13.655,6.845,8.305,120.0,43.35,20.451,1921.888,1921.888,543.114,93.974
56,CCB18x26,CCB18x26,W12X26,W12X26,9.625,3.5,3.25,17.94,58.538,11.44,26.0,6.33,8.961,454.395,483.091,50.657,53.856,7.342,17.329,8.665,8.305,120.0,43.35,20.73,1489.115,1489.115,463.919,71.833
57,CCB18x22/30,CCB18x22/30,W12X22,W12X30,9.625,3.5,3.25,18.15,59.0,11.65,26.0,6.124,9.153,425.904,465.774,39.66,45.717,7.134,12.5,6.25,8.305,120.0,43.35,20.783,1704.764,1704.764,506.367,82.025
58,CCB18x19/35,CCB18x19/35,W12X19,W12X35,9.625,3.5,3.25,18.16,59.006,11.66,27.0,6.391,9.521,408.08,456.656,34.065,40.985,6.926,14.127,7.063,8.305,120.0,43.35,20.59,1954.135,1954.135,547.364,94.907
59,CCB18x22/35,CCB18x22/35,W12X22,W12X35,9.625,3.5,3.25,18.31,59.339,11.81,28.5,6.755,10.065,460.276,508.355,40.147,47.182,7.107,14.572,7.286,8.305,120.0,43.35,20.71,1983.479,1983.479,550.921,95.775
60,CCB18x30,CCB18x30,W12X30,W12X30,9.625,3.5,3.25,18.18,59.065,11.68,30.0,7.276,10.313,534.861,569.385,58.841,62.639,7.43,20.344,10.172,8.305,120.0,43.35,20.753,1718.45,1718.45,501.423,82.805
61,CCB18x26/40,CCB18x26/40,W12X26,W12X40,9.625,3.5,3.25,17.66,57.891,11.16,33.0,8.133,11.053,537.232,572.111,50.328,55.66,7.194,30.69,15.345,8.305,120.0,43.35,19.854,2149.619,2149.619,564.793,108.271
62,CCB18x35,CCB18x35,W12X35,W12X35,9.625,3.5,3.25,18.5,59.744,12.0,35.0,8.538,12.138,647.207,690.407,69.968,74.639,7.542,24.489,12.244,8.305,120.0,43.35,20.805,2030.127,2030.127,549.401,97.58
63,CCB18x30/40,CCB18x30/40,W12X30,W12X40,9.625,3.5,3.25,17.78,58.154,11.28,35.0,8.606,11.729,590.615,626.61,57.939,63.333,7.309,32.198,16.099,8.305,120.0,43.35,19.943,2176.745,2176.745,567.368,109.146
64,CCB18x26/45,CCB18x26/45,W12X26,W12X45,9.625,3.5,3.25,17.78,58.174,11.28,35.5,8.726,11.904,566.747,606.848,50.728,56.698,7.14,33.628,16.814,8.305,120.0,43.35,19.79,2388.94,2388.94,598.733,120.714
65,CCB18x30/45,CCB18x30/45,W12X30,W12X45,9.625,3.5,3.25,17.9,58.437,11.4,37.5,9.199,12.58,625.322,666.419,58.418,64.515,7.278,35.136,17.568,8.305,120.0,43.35,19.881,2418.224,2418.224,601.725,121.634
66,CCB18x40,CCB18x40,W12X40,W12X40,9.625,3.25,3.25,17.38,59.145,10.88,40.0,9.936,13.146,667.335,698.997,76.793,80.437,7.292,44.051,22.026,8.305,120.0,43.35,19.521,2109.741,2109.741,546.654,108.078
67,CCB18x35/50,CCB18x35/50,W12X35,W12X50,9.625,3.5,3.25,18.19,59.074,11.69,42.5,10.444,14.35,737.988,786.65,69.299,76.303,7.404,40.395,20.197,8.305,120.0,43.35,19.954,2713.489,2713.489,640.563,135.988
68,CCB18x45,CCB18x45,W12X45,W12X45,9.625,3.25,3.25,17.62,59.692,11.12,45.0,11.121,14.846,763.728,802.114,86.689,91.046,7.35,49.927,24.963,8.305,120.0,43.35,19.553,2371.271,2371.271,583.11,121.271
69,CCB18x40/50,CCB18x40/50,W12X40,W12X50,9.625,3.25,3.25,17.63,59.705,11.13,45.0,11.144,14.854,757.49,796.191,78.219,83.412,7.321,50.176,25.088,8.305,120.0,43.35,19.423,2584.044,2584.044,614.176,133.043
70,CCB18x40/53,CCB18x40/53,W12X40,W12X53,9.625,3.25,3.25,17.5,59.419,11.0,46.5,11.677,15.2,778.785,816.92,78.015,83.816,7.331,69.885,34.942,8.305,120.0,43.35,19.162,2755.264,2755.264,635.131,143.789
71,CCB18x40/58,CCB18x40/58,W12X40,W12X58,9.625,3.25,3.25,17.63,59.705,11.13,49.0,12.353,16.006,821.461,863.903,78.728,85.303,7.347,75.535,37.767,8.305,120.0,43.35,19.116,3019.664,3019.664,668.902,157.968
72,CCB18x50,CCB18x50,W12X50,W12X50,9.625,3.25,3.25,17.88,60.266,11.38,50.0,12.351,16.562,869.676,915.117,97.279,102.362,7.433,56.301,28.15,8.305,120.0,43.35,19.609,2650.827,2650.827,620.697,135.182
73,CCB18x45/58,CCB18x45/58,W12X45,W12X58,9.625,3.25,3.25,17.75,59.979,11.25,51.5,12.945,16.856,886.977,931.703,88.161,94.983,7.435,78.472,39.236,8.305,120.0,43.35,19.207,3055.938,3055.938,672.693,159.104
74,CCB18x53,CCB18x53,W12X53,W12X53,9.625,3.481,3.015,18.09,60.0,12.06,53.0,13.255,17.416,976.639,1027.068,107.976,113.551,7.679,95.717,47.858,8.305,120.0,43.35,19.674,2888.936,2888.936,654.209,146.84
75,CCB18x58,CCB18x58,W12X58,W12X58,9.625,3.519,3.048,18.285,60.0,12.19,58.0,14.623,19.012,1096.417,1150.759,119.925,125.869,7.78,107.016,53.508,8.305,120.0,43.35,19.669,3190.543,3190.543,691.214,162.211
76,CCB18x65,CCB18x65,W12X65,W12X65,9.625,3.499,3.03,18.18,60.0,12.12,65.0,16.489,21.216,1228.121,1285.983,135.107,141.472,7.786,174.275,87.137,8.305,120.0,43.35,19.343,3506.581,3506.581,724.915,181.286
77,CCB21x22,CCB21x22,W14X22,W14X22,9.625,4.0,3.5,20.48,59.312,13.48,22.0,4.883,7.984,449.441,496.389,43.891,48.475,7.885,6.996,3.498,8.305,120.0,43.35,23.488,1435.493,1435.493,479.731,61.117
78,CCB21x22/26,CCB21x22/26,W14X22,W14X26,9.625,4.0,3.5,20.65,59.623,13.65,24.0,5.376,8.688,499.73,552.067,44.562,50.453,7.971,7.949,3.974,8.305,120.0,43.35,23.424,1713.376,1713.376,531.079,73.147
79,CCB21x26,CCB21x26,W14X26,W14X26,9.625,4.0,3.5,20.82,59.935,13.82,26.0,5.869,9.393,560.223,616.313,53.816,59.204,8.1,8.901,4.451,8.305,120.0,43.35,23.553,1741.989,1741.989,533.137,73.962
80,CCB21x22/30,CCB21x22/30,W14X22,W14X30,9.625,4.0,3.5,20.58,59.497,13.58,26.0,5.912,9.309,536.933,593.345,44.731,51.697,7.984,13.288,6.644,8.305,120.0,43.35,23.129,1987.008,1987.008,575.792,85.909
81,CCB21x22/34,CCB21x22/34,W14X22,W14X34,9.625,4.0,3.5,20.72,59.748,13.72,28.0,6.417,9.957,575.116,639.143,45.211,53.211,8.012,15.145,7.572,8.305,120.0,43.35,23.062,2266.786,2266.786,619.736,98.29
82,CCB21x26/30,CCB21x26/30,W14X26,W14X30,9.625,4.0,3.5,20.75,59.808,13.75,28.0,6.405,10.014,606.509,664.629,54.054,60.691,8.147,14.241,7.12,8.305,120.0,43.35,23.261,2018.787,2018.787,578.608,86.789
83,CCB21x30,CCB21x30,W14X30,W14X30,9.625,4.0,3.5,20.68,59.681,13.68,30.0,6.941,10.635,661.206,718.809,63.946,69.517,8.221,19.58,9.79,8.305,120.0,43.35,23.169,2012.12,2012.12,573.121,86.845
84,CCB21x22/38,CCB21x22/38,W14X22,W14X38,9.625,4.0,3.5,20.84,59.958,13.84,30.0,6.892,10.643,606.105,678.413,45.573,54.427,7.984,16.827,8.414,8.305,120.0,43.35,23.0,2526.07,2526.07,657.793,109.83
85,CCB21x26/34,CCB21x26/34,W14X26,W14X34,9.625,4.0,3.5,20.89,60.06,13.89,30.0,6.91,10.661,653.484,717.864,54.659,62.466,8.206,16.097,8.048,8.305,120.0,43.35,23.197,2301.742,2301.742,623.218,99.227
86,CCB21x26/38,CCB21x26/38,W14X26,W14X38,9.625,4.0,3.5,21.01,60.269,14.01,32.0,7.385,11.348,691.999,763.825,55.112,63.871,8.204,17.78,8.89,8.305,120.0,43.35,23.136,2564.04,2564.04,661.863,110.825
87,CCB21x34,CCB21x34,W14X34,W14X34,9.625,4.0,3.5,20.96,60.184,13.96,34.0,7.951,11.929,779.766,844.379,74.405,80.57,8.413,23.293,11.646,8.305,120.0,43.35,23.216,2322.225,2322.225,620.29,100.026
88,CCB21x26/43,CCB21x26/43,W14X26,W14X43,9.625,4.0,3.5,20.57,59.473,13.57,34.5,8.116,11.91,704.383,777.542,54.128,63.52,8.08,27.034,13.517,8.305,120.0,43.35,22.476,2841.472,2841.472,694.073,126.422
89,CCB21x22/48,CCB21x22/48,W14X22,W14X48,9.625,4.0,3.5,20.53,59.405,13.53,35.0,8.246,12.105,641.674,727.799,45.076,55.23,7.754,29.186,14.593,8.305,120.0,43.35,22.261,3118.489,3118.489,730.532,140.086
90,CCB21x30/43,CCB21x30/43,W14X30,W14X43,9.625,4.0,3.5,20.5,59.346,13.5,36.5,8.653,12.531,780.519,847.284,64.071,72.742,8.223,32.373,16.187,8.305,120.0,43.35,22.394,2828.331,2828.331,688.861,126.298
91,CCB21x38,CCB21x38,W14X38,W14X38,9.625,4.0,3.5,21.2,60.604,14.2,38.0,8.901,13.303,891.815,965.783,84.133,91.112,8.52,26.659,13.329,8.305,120.0,43.35,23.252,2613.033,2613.033,661.855,112.379
92,CCB21x30/48,CCB21x30/48,W14X30,W14X48,9.625,4.0,3.5,20.63,59.589,13.63,39.0,9.275,13.43,824.52,900.44,64.578,74.233,8.188,35.478,17.739,8.305,120.0,43.35,22.322,3148.89,3148.89,730.876,141.069
93,CCB21x34/48,CCB21x34/48,W14X34,W14X48,9.625,4.0,3.5,20.77,59.841,13.77,41.0,9.78,14.078,908.823,983.438,74.365,83.674,8.358,37.335,18.667,8.305,120.0,43.35,22.435,3186.96,3186.96,735.104,142.055
94,CCB21x43,CCB21x43,W14X43,W14X43,9.625,4.0,3.5,20.32,59.011,13.32,43.0,10.364,14.426,958.552,1018.618,94.346,100.258,8.403,45.167,22.583,8.305,120.0,43.35,22.169,2797.668,2797.668,674.055,126.195
95,CCB21x38/48,CCB21x38/48,W14X38,W14X48,9.625,4.0,3.5,20.89,60.051,13.89,43.0,10.255,14.764,980.784,1057.396,83.426,92.715,8.463,39.017,19.509,8.305,120.0,43.35,22.53,3220.327,3220.327,738.533,142.938
96,CCB21x34/53,CCB21x34/53,W14X34,W14X53,9.625,4.0,3.5,20.9,60.078,13.9,43.5,10.384,14.934,955.514,1038.71,74.935,85.227,8.34,40.462,20.231,8.305,120.0,43.35,22.378,3503.432,3503.432,774.701,156.559
97,CCB21x38/53,CCB21x38/53,W14X38,W14X53,9.625,4.0,3.5,21.02,60.287,14.02,45.5,10.86,15.621,1033.876,1118.713,84.084,94.44,8.463,42.145,21.072,8.305,120.0,43.35,22.474,3539.453,3539.453,778.576,157.491
98,CCB21x48,CCB21x48,W14X48,W14X48,9.625,4.0,3.5,20.58,59.498,13.58,48.0,11.608,16.226,1097.176,1168.134,106.626,113.521,8.485,51.376,25.688,8.305,120.0,43.35,22.205,3148.529,3148.529,719.612,141.796
99,CCB21x53,CCB21x53,W14X53,W14X53,9.625,4.0,3.5,20.84,59.971,13.84,53.0,12.818,17.939,1238.392,1320.131,118.848,126.692,8.578,57.631,28.816,8.305,120.0,43.35,22.257,3498.042,3498.042,763.317,157.164
100,CCB21x61,CCB21x61,W14X61,W14X61,9.625,4.0,3.5,20.78,59.863,13.78,61.0,15.112,20.28,1464.091,1545.862,140.913,148.784,8.731,107.375,53.687,8.305,120.0,43.35,21.878,4025.859,4025.859,821.279,184.013
101,CCB21x53/74,CCB21x53/74,W14X53,W14X74,9.625,4.0,3.5,21.09,60.407,14.09,63.5,15.574,21.361,1493.045,1596.31,121.419,133.974,8.645,95.642,47.821,8.305,120.0,43.35,21.796,4840.848,4840.848,914.368,222.1
102,CCB21x61/68,CCB21x61/68,W14X61,W14X68,9.625,4.0,3.5,20.93,60.129,13.93,64.5,15.974,21.479,1561.909,1651.192,142.211,151.549,8.768,114.341,57.171,8.305,120.0,43.35,21.809,4456.382,4456.382,870.203,204.338
103,CCB21x61/74,CCB21x61/74,W14X61,W14X74,9.625,4.0,3.5,21.06,60.353,14.06,67.5,16.721,22.532,1641.671,1738.224,143.277,153.812,8.783,120.513,60.257,8.305,120.0,43.35,21.756,4830.475,4830.475,910.766,222.027
104,CCB21x68,CCB21x68,W14X68,W14X68,9.625,4.053,3.51,21.06,60.0,14.04,68.0,16.843,22.67,1668.029,1763.742,158.407,167.497,8.82,121.308,60.654,8.305,120.0,43.35,21.909,4507.227,4507.227,875.09,205.721
105,CCB21x68/74,CCB21x68/74,W14X68,W14X74,9.625,4.053,3.51,21.19,60.227,14.17,71.0,17.592,23.722,1757.111,1859.858,159.644,170.05,8.854,127.48,63.74,8.305,120.0,43.35,21.858,4884.86,4884.86,916.206,223.478
106,CCB21x74,CCB21x74,W14X74,W14X74,9.625,4.091,3.543,21.255,60.0,14.17,74.0,18.369,24.745,1843.717,1950.411,173.486,183.525,8.878,133.653,66.826,8.305,120.0,43.35,21.901,4917.484,4917.484,918.512,224.53
107,CCB21x68/82,CCB21x68/82,W14X68,W14X82,9.625,4.053,3.51,21.33,60.464,14.31,75.0,18.476,25.107,1853.4,1966.613,160.888,172.648,8.85,134.754,67.377,8.305,120.0,43.35,21.794,5323.923,5323.923,961.723,244.282
108,CCB21x61/90,CCB21x61/90,W14X61,W14X90,9.625,4.0,3.5,20.91,60.094,13.91,75.5,19.131,24.804,1799.858,1905.273,143.419,157.019,8.764,234.837,117.418,8.305,120.0,43.35,21.102,5849.539,5849.539,1007.07,277.209
109,CCB21x74/82,CCB21x74/82,W14X74,W14X82,9.625,4.091,3.543,21.395,60.241,14.31,78.0,19.255,26.128,1948.52,2065.637,174.891,186.373,8.892,140.926,70.463,8.305,120.0,43.35,21.839,5359.005,5359.005,964.464,245.392
110,CCB21x68/90,CCB21x68/90,W14X68,W14X90,9.625,4.053,3.51,21.04,59.965,14.02,79.0,20.002,25.995,1938.363,2046.825,159.923,173.825,8.874,241.804,120.902,8.305,120.0,43.35,21.207,5914.218,5914.218,1014.008,278.874
111,CCB21x82,CCB21x82,W14X82,W14X82,9.625,4.13,3.578,21.464,60.0,14.308,82.0,20.177,27.474,2050.966,2175.461,191.106,202.706,8.898,148.201,74.1,8.305,120.0,43.35,21.884,5397.195,5397.195,967.144,246.632
112,CCB21x74/90,CCB21x74/90,W14X74,W14X90,9.625,4.091,3.543,21.105,59.733,14.02,82.0,20.779,27.018,2043.773,2153.313,173.919,187.811,8.927,247.976,123.988,8.305,120.0,43.35,21.255,5951.159,5951.159,1017.233,279.993
113,CCB21x68/99,CCB21x68/99,W14X68,W14X99,9.625,4.053,3.51,21.18,60.209,14.16,83.5,21.145,27.521,2036.74,2158.145,161.144,176.489,8.855,261.523,130.761,8.305,120.0,43.35,20.061,6244.239,6244.239,877.095,311.266
114,CCB21x74/99,CCB21x74/99,W14X74,W14X99,9.625,4.091,3.543,21.245,59.982,14.16,86.5,21.924,28.543,2151.65,2273.884,175.292,190.726,8.926,267.695,133.848,8.305,120.0,43.35,20.111,6281.196,6281.196,880.439,312.329
115,CCB21x68/109,CCB21x68/109,W14X68,W14X109,9.625,4.053,3.51,21.34,60.48,14.32,88.5,22.412,29.158,2140.025,2276.331,162.498,179.409,8.836,283.957,141.979,8.305,120.0,43.35,19.818,6785.109,6785.109,902.051,342.369
116,CCB21x90,CCB21x90,W14X90,W14X90,9.625,4.047,3.505,21.03,60.0,14.02,90.0,23.155,29.324,2312.0,2413.045,219.876,229.486,9.071,362.299,181.15,8.305,120.0,43.35,21.183,5910.028,5910.028,1010.751,279.001
117,CCB21x99,CCB21x99,W14X99,W14X99,9.625,4.088,3.54,21.24,59.999,14.16,99.0,25.476,32.343,2579.679,2694.424,242.909,253.713,9.127,401.738,200.869,8.305,120.0,43.35,20.143,6280.506,6280.506,884.993,311.792
118,CCB21x109,CCB21x109,W14X109,W14X109,9.625,4.134,3.58,21.48,60.0,14.32,109.0,28.054,35.572,2888.289,3016.76,268.928,280.89,9.209,446.607,223.304,8.305,120.0,43.35,19.992,6876.552,6876.552,918.384,343.959
119,CCB21x120,CCB21x120,W14X120,W14X120,9.625,4.18,3.62,21.72,60.0,14.48,120.0,30.819,39.362,3221.504,3370.776,296.639,310.384,9.254,494.717,247.358,8.305,120.0,43.35,19.837,7503.818,7503.818,951.959,378.264
120,CCB21x132,CCB21x132,W14X132,W14X132,9.625,4.232,3.665,21.99,60.0,14.66,132.0,33.81,43.266,3597.944,3767.292,327.235,342.637,9.331,548.218,274.109,8.305,120.0,43.35,19.7,8191.071,8191.071,988.112,415.782
121,CCB21x145,CCB21x145,W14X145,W14X145,9.625,4.267,3.695,22.17,60.0,14.78,145.0,37.41,47.46,4034.442,4217.399,363.955,380.46,9.427,676.651,338.326,8.305,120.0,43.35,19.451,8944.409,8944.409,1025.808,459.852
122,CCB21x159,CCB21x159,W14X159,W14X159,9.625,4.324,3.745,22.47,60.0,14.98,159.0,40.929,52.089,4500.587,4709.281,400.586,419.162,9.508,748.086,374.043,8.305,120.0,43.35,19.328,9745.437,9745.437,1066.064,504.201
123,CCB21x176,CCB21x176,W14X176,W14X176,9.625,4.394,3.805,22.83,60.001,15.22,176.0,45.222,57.855,5087.964,5331.824,445.726,467.089,9.6,837.128,418.564,8.305,120.0,43.35,19.204,10726.49,10726.49,1114.359,558.546
124,CCB24x26,CCB24x26,W16X26,W16X26,9.625,4.5,4.0,23.38,59.665,15.38,26.0,5.7,9.545,680.856,756.649,58.243,64.726,8.904,9.587,4.793,8.305,120.0,43.35,26.018,2034.005,2034.005,604.991,78.177
125,CCB24x26/31,CCB24x26/31,W16X26,W16X31,9.625,4.5,4.0,23.57,59.968,15.57,28.5,6.299,10.388,760.005,844.317,59.182,67.552,9.015,10.989,5.494,8.305,120.0,43.35,25.93,2447.873,2447.873,672.425,94.404
126,CCB24x31,CCB24x31,W16X31,W16X31,9.625,4.5,4.0,23.76,60.271,15.76,31.0,6.897,11.231,855.867,945.573,72.043,79.594,9.176,12.391,6.195,8.305,120.0,43.35,26.078,2486.672,2486.672,675.427,95.354
127,CCB24x26/36,CCB24x26/36,W16X26,W16X36,9.625,4.5,4.0,23.55,59.936,15.55,31.0,6.945,11.186,821.217,913.726,59.551,69.497,9.038,17.018,8.509,8.305,120.0,43.35,25.643,2860.581,2860.581,732.093,111.556
128,CCB24x26/40,CCB24x26/40,W16X26,W16X40,9.625,4.5,4.0,23.7,60.169,15.7,33.0,7.487,11.853,875.35,978.885,60.174,71.47,9.088,19.211,9.605,8.305,120.0,43.35,25.575,3232.499,3232.499,783.6,126.394
129,CCB24x31/36,CCB24x31/36,W16X31,W16X36,9.625,4.5,4.0,23.74,60.239,15.74,33.5,7.544,12.03,932.232,1026.763,72.537,81.898,9.239,18.42,9.21,8.305,120.0,43.35,25.795,2904.311,2904.311,736.16,112.593
130,CCB24x31/40,CCB24x31/40,W16X31,W16X40,9.625,4.5,4.0,23.89,60.472,15.89,35.5,8.086,12.696,999.256,1102.431,73.323,84.21,9.319,20.613,10.306,8.305,120.0,43.35,25.729,3280.603,3280.603,788.501,127.504
131,CCB24x36,CCB24x36,W16X36,W16X36,9.625,4.5,4.0,23.72,60.208,15.72,36.0,8.191,12.828,1022.845,1118.344,86.243,94.295,9.337,24.45,12.225,8.305,120.0,43.35,25.752,2904.466,2904.466,731.895,112.788
132,CCB24x31/45,CCB24x31/45,W16X31,W16X45,9.625,4.5,4.0,24.01,60.653,16.01,38.0,8.647,13.619,1056.322,1172.108,73.846,85.997,9.277,22.606,11.303,8.305,120.0,43.35,25.643,3653.811,3653.811,836.615,142.49
133,CCB24x40,CCB24x40,W16X40,W16X40,9.625,5.0,4.0,24.02,58.027,16.02,40.0,9.274,14.16,1192.059,1296.556,99.255,107.956,9.569,28.834,14.417,8.305,120.0,43.35,25.811,3317.639,3317.639,788.231,128.536
134,CCB24x36/50,CCB24x36/50,W16X36,W16X50,9.625,4.5,4.0,24.12,60.813,16.12,43.0,9.869,15.326,1236.229,1359.568,88.498,100.938,9.419,30.799,15.399,8.305,120.0,43.35,25.536,4036.097,4036.097,880.446,158.056
135,CCB24x45,CCB24x45,W16X45,W16X45,9.625,5.0,4.0,24.26,58.408,16.26,45.0,10.397,16.007,1358.422,1482.016,111.989,122.178,9.622,32.82,16.41,8.305,120.0,43.35,25.821,3728.571,3728.571,840.011,144.399
136,CCB24x40/57,CCB24x40/57,W16X40,W16X57,9.625,5.0,4.0,24.44,58.677,16.44,48.5,11.179,17.247,1437.527,1576.521,101.697,115.022,9.561,35.951,17.975,8.305,120.0,43.35,25.579,4598.944,4598.944,946.011,179.797
137,CCB24x50,CCB24x50,W16X50,W16X50,9.625,5.0,4.0,24.52,58.812,16.52,50.0,11.547,17.824,1537.408,1680.176,125.4,137.045,9.709,37.148,18.574,8.305,120.0,43.35,25.858,4160.495,4160.495,892.47,160.896
138,CCB24x45/67,CCB24x45/67,W16X45,W16X67,9.625,5.0,4.0,24.46,58.717,16.46,56.0,13.361,19.456,1699.857,1859.457,114.625,131.855,9.776,75.849,37.924,8.305,120.0,43.35,25.11,5638.97,5638.97,1053.96,224.573
139,CCB24x57,CCB24x57,W16X57,W16X57,9.625,5.0,4.0,24.86,59.327,16.86,57.0,13.084,20.334,1783.998,1955.733,143.524,157.34,9.807,43.067,21.533,8.305,120.0,43.35,25.918,4745.681,4745.681,960.232,183.105
140,CCB24x50/67,CCB24x50/67,W16X50,W16X67,9.625,5.0,4.0,24.59,58.919,16.59,58.5,13.936,20.365,1826.842,1991.109,127.456,145.177,9.888,78.012,39.006,8.305,120.0,43.35,25.218,5692.811,5692.811,1059.739,225.743
141,CCB24x45/77,CCB24x45/77,W16X45,W16X77,9.625,5.0,4.0,24.65,59.001,16.65,61.0,14.536,21.217,1810.653,1997.104,115.689,135.093,9.702,85.546,42.773,8.305,120.0,43.35,24.98,6400.94,6400.94,1128.875,256.245
142,CCB24x50/77,CCB24x50/77,W16X50,W16X77,9.625,5.0,4.0,24.78,59.203,16.78,63.5,15.11,22.126,1952.235,2143.351,128.675,148.75,9.842,87.71,43.855,8.305,120.0,43.35,25.09,6461.332,6461.332,1135.517,257.528
143,CCB24x67,CCB24x67,W16X67,W16X67,9.625,4.714,4.083,24.495,60.0,16.33,67.0,16.39,22.84,2209.119,2352.461,180.373,192.077,10.149,118.878,59.439,8.305,120.0,43.35,25.096,5672.81,5672.81,1050.755,226.043
144,CCB24x57/77,CCB24x57/77,W16X57,W16X77,9.625,5.0,4.0,24.95,59.46,16.95,67.0,15.879,23.381,2129.779,2329.465,146.006,167.014,9.982,90.669,45.335,8.305,120.0,43.35,25.233,6540.857,6540.857,1144.151,259.216
145,CCB24x57/89,CCB24x57/89,W16X57,W16X89,9.625,5.0,4.0,25.18,59.791,17.18,73.0,17.291,25.509,2286.794,2521.154,147.633,171.59,9.941,102.772,51.386,8.305,120.0,43.35,23.98,7258.436,7258.436,1008.15,302.684
146,CCB24x77,CCB24x77,W16X77,W16X77,9.625,4.769,4.13,24.78,60.0,16.52,77.0,18.792,26.309,2574.418,2745.364,207.782,221.579,10.215,138.274,69.137,8.305,120.0,43.35,25.043,6492.536,6492.536,1131.727,259.254
147,CCB24x89,CCB24x89,W16X89,W16X89,9.625,4.835,4.188,25.125,60.0,16.75,89.0,21.694,30.488,3031.44,3237.039,241.309,257.675,10.304,162.483,81.241,8.305,120.0,43.35,23.934,7273.231,7273.231,1011.454,303.885
148,CCB24x100,CCB24x100,W16X100,W16X100,9.625,4.899,4.243,25.455,60.0,16.97,100.0,24.426,34.353,3479.738,3717.981,273.403,292.122,10.403,186.119,93.06,8.305,120.0,43.35,23.746,8148.925,8148.925,1057.113,343.166
149,CCB27x35,CCB27x35,W18X35,W18X35,9.625,5.5,4.25,26.9,59.128,18.4,35.0,7.472,12.992,1192.932,1348.669,88.694,100.273,10.189,15.328,7.664,8.305,120.0,43.35,28.902,3284.842,3284.842,821.692,113.653
150,CCB27x35/40,CCB27x35/40,W18X35,W18X40,9.625,5.5,4.25,27.1,59.398,18.6,37.5,8.106,13.827,1309.322,1476.831,89.933,104.088,10.335,17.2,8.6,8.305,120.0,43.35,28.826,3835.041,3835.041,897.218,133.043
151,CCB27x40,CCB27x40,W18X40,W18X40,9.625,5.5,4.25,27.3,59.668,18.8,40.0,8.74,14.662,1445.644,1620.067,105.908,118.686,10.512,19.072,9.536,8.305,120.0,43.35,28.992,3887.879,3887.879,902.484,134.102
152,CCB27x35/46,CCB27x35/46,W18X35,W18X46,9.625,5.5,4.25,27.26,59.608,18.76,40.5,8.753,14.955,1406.79,1594.824,90.751,107.021,10.327,18.903,9.452,8.305,120.0,43.35,28.726,4375.796,4375.796,965.115,152.329
153,CCB27x35/50,CCB27x35/50,W18X35,W18X50,9.625,5.5,4.25,27.19,59.517,18.69,42.5,9.353,15.482,1474.741,1670.223,90.997,108.968,10.387,27.682,13.841,8.305,120.0,43.35,28.437,4841.151,4841.151,1018.469,170.243
154,CCB27x40/46,CCB27x40/46,W18X40,W18X46,9.625,5.5,4.25,27.46,59.878,18.96,43.0,9.387,15.79,1561.418,1753.666,106.905,121.963,10.539,20.776,10.388,8.305,120.0,43.35,28.895,4434.926,4434.926,971.475,153.485
155,CCB27x35/55,CCB27x35/55,W18X35,W18X55,9.625,5.5,4.25,27.31,59.672,18.81,45.0,9.93,16.438,1543.742,1759.131,91.553,111.097,10.345,30.102,15.051,8.305,120.0,43.35,28.35,5313.904,5313.904,1071.282,187.441
156,CCB27x40/50,CCB27x40/50,W18X40,W18X50,9.625,5.5,4.25,27.39,59.787,18.89,45.0,9.987,16.317,1643.923,1838.704,107.225,124.186,10.615,29.554,14.777,8.305,120.0,43.35,28.607,4905.969,4905.969,1025.749,171.494
157,CCB27x46,CCB27x46,W18X46,W18X46,9.625,5.5,4.5,27.12,58.74,18.12,46.0,10.214,16.737,1645.184,1823.667,121.326,134.489,10.438,22.481,11.24,8.305,120.0,43.35,28.521,4399.984,4399.984,956.721,154.272
158,CCB27x40/55,CCB27x40/55,W18X40,W18X55,9.625,5.5,4.25,27.51,59.942,19.01,47.5,10.564,17.273,1727.034,1939.638,107.898,126.542,10.597,31.975,15.987,8.305,120.0,43.35,28.522,5384.398,5384.398,1079.402,188.783
159,CCB27x46/50,CCB27x46/50,W18X46,W18X50,9.625,5.5,4.5,27.05,58.641,18.05,48.0,10.813,17.266,1737.843,1915.458,121.8,137.029,10.533,31.259,15.63,8.305,120.0,43.35,28.24,4857.636,4857.636,1009.927,172.012
160,CCB27x50,CCB27x50,W18X50,W18X50,9.625,5.5,4.5,26.98,58.542,17.98,50.0,11.412,17.795,1841.342,2013.298,136.497,149.244,10.637,40.038,20.019,8.305,120.0,43.35,28.165,4836.641,4836.641,1004.587,171.723
161,CCB27x46/55,CCB27x46/55,W18X46,W18X55,9.625,5.5,4.5,27.17,58.809,18.17,50.5,11.399,18.213,1832.089,2025.171,122.651,139.673,10.545,33.68,16.84,8.305,120.0,43.35,28.158,5329.49,5329.49,1063.243,189.274
162,CCB27x40/65,CCB27x40/65,W18X40,W18X65,9.625,5.5,4.25,27.75,60.245,19.25,52.5,11.676,19.07,1872.384,2121.297,109.149,130.858,10.547,36.896,18.448,8.305,120.0,43.35,28.388,6311.188,6311.188,1176.975,222.321
163,CCB27x46/60,CCB27x46/60,W18X46,W18X60,9.625,5.5,4.5,27.3,58.988,18.3,53.0,11.976,19.072,1921.42,2129.689,123.533,142.3,10.567,36.243,18.122,8.305,120.0,43.35,28.094,5801.536,5801.536,1114.489,206.501
164,CCB27x50/60,CCB27x50/60,W18X50,W18X60,9.625,5.5,4.5,27.23,58.89,18.23,55.0,12.574,19.6,2046.181,2242.632,138.441,154.775,10.697,45.022,22.511,8.305,120.0,43.35,28.024,5775.735,5775.735,1109.388,206.101
165,CCB27x55,CCB27x55,W18X55,W18X55,9.625,5.5,4.5,27.22,58.879,18.22,55.0,12.584,19.689,2062.244,2258.819,151.524,165.968,10.711,44.879,22.44,8.305,120.0,43.35,28.182,5350.21,5350.21,1061.998,189.844
166,CCB27x46/65,CCB27x46/65,W18X46,W18X65,9.625,5.5,4.5,27.41,59.137,18.41,55.5,12.526,19.995,1997.854,2222.834,124.215,144.472,10.544,38.602,19.301,8.305,120.0,43.35,28.029,6242.838,6242.838,1160.124,222.729
167,CCB27x55/65,CCB27x55/65,W18X55,W18X65,9.625,5.5,4.5,27.46,59.207,18.46,60.0,13.71,21.471,2267.704,2489.543,153.528,171.533,10.768,49.801,24.901,8.305,120.0,43.35,28.059,6265.336,6265.336,1160.11,223.289
168,CCB27x60,CCB27x60,W18X60,W18X60,9.625,5.75,4.5,27.48,58.106,18.48,60.0,13.737,21.406,2292.877,2511.136,166.876,182.761,10.831,50.006,25.003,8.305,120.0,43.35,28.231,5874.051,5874.051,1119.083,208.071
169,CCB27x65,CCB27x65,W18X65,W18X65,9.625,5.5,4.5,27.7,59.534,18.7,65.0,14.837,23.252,2510.102,2755.322,181.235,198.94,10.886,54.723,27.362,8.305,120.0,43.35,28.26,6366.457,6366.457,1170.322,225.281
170,CCB27x71,CCB27x71,W18X71,W18X71,9.625,5.332,4.618,27.705,60.0,18.47,71.0,16.215,25.358,2722.614,2982.525,196.543,215.306,10.845,60.172,30.086,8.305,120.0,43.35,28.058,6862.172,6862.172,1215.291,244.567
171,CCB27x76,CCB27x76,W18X76,W18X76,9.625,5.257,4.553,27.315,60.0,18.21,76.0,18.376,26.116,3080.534,3294.398,225.556,241.215,11.231,152.351,76.176,8.305,120.0,43.35,27.402,7547.848,7547.848,1276.556,275.445
172,CCB27x86,CCB27x86,W18X86,W18X86,9.625,5.309,4.598,27.585,60.0,18.39,86.0,20.83,29.657,3541.801,3790.575,256.792,274.829,11.305,175.12,87.56,8.305,120.0,43.35,26.148,8282.217,8282.217,1113.648,316.744
173,CCB27x97,CCB27x97,W18X97,W18X97,9.625,5.366,4.648,27.885,60.0,18.59,97.0,23.511,33.457,4062.821,4349.246,291.398,311.942,11.402,200.835,100.418,8.305,120.0,43.35,25.9,9280.13,9280.13,1162.162,358.309
174,CCB27x106,CCB27x106,W18X106,W18X106,9.625,5.407,4.683,28.095,60.0,18.73,106.0,25.549,36.6,4459.039,4782.099,317.426,340.424,11.431,220.244,110.122,8.305,120.0,43.35,25.717,10021.54,10021.54,1196.195,389.683
175,CCB27x119,CCB27x119,W18X119,W18X119,9.625,5.476,4.743,28.455,60.0,18.97,119.0,28.783,41.208,5120.538,5493.154,359.904,386.094,11.546,252.734,126.367,8.305,120.0,43.35,25.482,11219.728,11219.728,1250.412,440.297
176,CCB30x44,CCB30x44,W21X44,W21X44,9.625,5.5,5.5,30.32,60.345,19.32,44.0,9.462,16.224,1853.9,2064.234,122.289,136.163,11.28,20.644,10.322,8.305,120.0,43.35,31.67,4917.41,4917.41,1057.507,155.27
177,CCB30x44/50,CCB30x44/50,W21X44,W21X50,9.625,5.5,5.5,30.49,60.559,19.49,47.0,10.15,17.266,2006.782,2234.117,123.817,140.569,11.375,22.764,11.382,8.305,120.0,43.35,31.563,5613.855,5613.855,1139.378,177.863
178,CCB30x50,CCB30x50,W21X50,W21X50,9.625,5.25,6.0,29.66,59.266,17.66,50.0,11.218,17.929,2063.147,2237.558,139.12,150.881,11.172,24.889,12.444,8.305,120.0,43.35,30.697,5476.16,5476.16,1103.313,178.396
179,CCB30x44/57,CCB30x44/57,W21X44,W21X57,9.625,5.5,5.5,30.72,60.839,19.72,50.5,10.995,18.45,2181.219,2433.521,125.624,145.733,11.485,25.61,12.805,8.305,120.0,43.35,31.47,6485.391,6485.391,1235.283,206.083
180,CCB30x44/62,CCB30x44/62,W21X44,W21X62,9.625,5.5,5.5,30.65,60.755,19.65,53.0,11.791,19.168,2299.602,2565.713,126.251,148.924,11.569,39.026,19.513,8.305,120.0,43.35,31.127,7230.629,7230.629,1309.156,232.295
181,CCB30x50/57,CCB30x50/57,W21X50,W21X57,9.625,5.25,6.0,29.89,59.587,17.89,53.5,12.075,19.1,2253.609,2443.926,141.437,156.437,11.312,27.736,13.868,8.305,120.0,43.35,30.614,6311.543,6311.543,1196.207,206.167
182,CCB30x44/68,CCB30x44/68,W21X44,W21X68,9.625,5.5,5.5,30.79,60.923,19.79,56.0,12.505,20.242,2409.841,2704.085,127.193,152.066,11.558,42.646,21.323,8.305,120.0,43.35,31.028,7933.644,7933.644,1376.817,255.696
183,CCB30x50/62,CCB30x50/62,W21X50,W21X62,9.625,5.25,6.0,29.82,59.491,17.82,56.0,12.869,19.821,2383.926,2581.161,142.339,159.888,11.412,41.151,20.576,8.305,120.0,43.35,30.283,7013.734,7013.734,1266.734,231.605
184,CCB30x57,CCB30x57,W21X57,W21X57,9.625,5.25,6.0,30.12,59.909,18.12,57.0,12.932,20.271,2473.487,2674.28,164.242,177.575,11.486,30.583,15.291,8.305,120.0,43.35,30.81,6402.648,6402.648,1205.854,207.808
185,CCB30x44/73,CCB30x44/73,W21X44,W21X73,9.625,5.5,5.5,30.9,61.052,19.9,58.5,13.074,21.114,2491.073,2809.032,127.884,154.421,11.534,45.561,22.78,8.305,120.0,43.35,30.955,8491.857,8491.857,1428.32,274.332
186,CCB30x50/68,CCB30x50/68,W21X50,W21X68,9.625,5.25,6.0,29.96,59.683,17.96,59.0,13.598,20.879,2507.061,2725.145,143.548,163.233,11.425,44.772,22.386,8.305,120.0,43.35,30.189,7689.978,7689.978,1332.575,254.726
187,CCB30x50/73,CCB30x50/73,W21X50,W21X73,9.625,5.25,6.0,30.07,59.831,18.07,61.5,14.179,21.739,2598.32,2834.433,144.431,165.726,11.419,47.687,23.844,8.305,120.0,43.35,30.12,8227.401,8227.401,1382.734,273.155
188,CCB30x62,CCB30x62,W21X62,W21X62,9.625,5.5,6.0,29.98,58.542,17.98,62.0,14.52,21.712,2799.409,2993.162,186.752,199.677,11.741,57.414,28.707,8.305,120.0,43.35,30.413,7084.387,7084.387,1272.48,232.942
189,CCB30x57/68,CCB30x57/68,W21X57,W21X68,9.625,5.25,6.0,30.19,60.004,18.19,62.5,14.455,22.05,2771.608,2990.425,166.796,185.287,11.646,47.619,23.809,8.305,120.0,43.35,30.39,7799.339,7799.339,1344.618,256.645
190,CCB30x62/68,CCB30x62/68,W21X62,W21X68,9.625,5.5,6.0,30.12,58.738,18.12,65.0,15.249,22.771,2961.456,3168.25,188.379,203.66,11.796,61.035,30.517,8.305,120.0,43.35,30.323,7766.484,7766.484,1339.673,256.128
191,CCB30x57/73,CCB30x57/73,W21X57,W21X73,9.625,5.25,6.0,30.3,60.152,18.3,65.0,15.036,22.91,2879.175,3113.828,167.847,188.075,11.658,50.534,25.267,8.305,120.0,43.35,30.321,8343.889,8343.889,1395.62,275.182
192,CCB30x50/83,CCB30x50/83,W21X50,W21X83,9.625,5.25,6.0,30.26,60.08,18.26,66.5,15.284,23.496,2752.214,3025.425,145.819,169.922,11.347,53.091,26.546,8.305,120.0,43.35,28.667,8958.464,8958.464,1179.846,312.5
193,CCB30x62/73,CCB30x62/73,W21X62,W21X73,9.625,5.5,6.0,30.23,58.89,18.23,67.5,15.83,23.631,3082.466,3301.432,189.562,206.606,11.82,63.95,31.975,8.305,120.0,43.35,30.256,8308.687,8308.687,1390.85,274.611
194,CCB30x68,CCB30x68,W21X68,W21X68,9.625,5.5,6.0,30.26,58.935,18.26,68.0,15.978,23.83,3139.79,3357.957,207.521,221.94,11.871,64.655,32.327,8.305,120.0,43.35,30.441,7834.523,7834.523,1346.375,257.367
195,CCB30x57/83,CCB30x57/83,W21X57,W21X83,9.625,5.25,6.0,30.49,60.401,18.49,70.0,16.141,24.667,3061.725,3330.142,169.495,192.716,11.619,55.938,27.969,8.305,120.0,43.35,28.868,9082.418,9082.418,1191.599,314.619
196,CCB30x62/83,CCB30x62/83,W21X62,W21X83,9.625,5.5,6.0,30.42,59.145,18.42,72.5,16.935,25.388,3288.936,3535.381,191.415,211.476,11.801,69.354,34.677,8.305,120.0,43.35,28.829,9046.464,9046.464,1191.74,313.797
197,CCB30x73,CCB30x73,W21X73,W21X73,9.625,5.5,6.0,30.48,59.237,18.48,73.0,17.14,25.549,3416.671,3655.967,224.191,239.893,11.962,70.486,35.243,8.305,120.0,43.35,29.386,8235.685,8235.685,1161.017,280.254
198,CCB30x73/83,CCB30x73/83,W21X73,W21X83,9.625,5.5,6.0,30.67,59.492,18.67,78.0,18.245,27.306,3663.106,3927.196,226.509,245.603,11.993,75.89,37.945,8.305,120.0,43.35,29.047,9182.902,9182.902,1204.579,316.143
199,CCB30x68/93,CCB30x68/93,W21X68,W21X93,9.625,5.5,6.0,30.75,59.589,18.75,80.5,18.799,28.304,3716.305,4001.298,212.903,235.516,11.89,78.679,39.339,8.305,120.0,43.35,28.609,10069.582,10069.582,1236.879,351.974
200,CCB30x73/93,CCB30x73/93,W21X73,W21X93,9.625,5.5,6.0,30.86,59.74,18.86,83.0,19.38,29.164,3894.134,4187.243,228.63,250.953,11.982,81.594,40.797,8.305,120.0,43.35,28.708,10136.125,10136.125,1243.338,353.081
201,CCB30x83,CCB30x83,W21X83,W21X83,9.625,5.5,6.0,30.86,59.747,18.86,83.0,19.35,29.063,3941.239,4229.145,255.427,274.086,12.063,81.294,40.647,8.305,120.0,43.35,29.209,9287.698,9287.698,1213.97,317.97
202,CCB30x93,CCB30x93,W21X93,W21X93,9.625,5.5,6.0,31.24,60.242,19.24,93.0,21.62,32.779,4496.13,4840.37,287.844,309.883,12.152,92.702,46.351,8.305,120.0,43.35,29.045,10368.233,10368.233,1265.149,356.975
203,CCB30x101,CCB30x101,W21X101,W21X101,9.625,6.166,5.34,32.04,60.0,21.36,101.0,24.281,34.961,5585.665,5991.727,348.668,374.015,13.091,247.616,123.808,8.305,120.0,43.35,29.173,12171.576,12171.576,1372.651,417.223
204,CCB30x111,CCB30x111,W21X111,W21X111,9.625,6.209,5.378,32.265,60.0,21.51,111.0,26.625,38.456,6184.954,6641.098,383.385,411.66,13.141,274.168,137.084,8.305,120.0,43.35,28.914,13239.107,13239.107,1415.864,457.872
205,CCB30x122,CCB30x122,W21X122,W21X122,9.625,6.259,5.42,32.52,60.0,21.68,122.0,29.218,42.226,6866.492,7375.996,422.293,453.628,13.217,304.494,152.247,8.305,120.0,43.35,28.661,14421.268,14421.268,1462.808,503.16
206,CCB30x132,CCB30x132,W21X132,W21X132,9.625,6.302,5.458,32.745,60.0,21.83,132.0,31.577,45.767,7493.534,8057.033,457.69,492.108,13.268,332.299,166.149,8.305,120.0,43.35,28.448,15485.292,15485.292,1503.934,544.328
207,CCB30x147,CCB30x147,W21X147,W21X147,9.625,6.368,5.515,33.09,60.0,22.06,147.0,35.136,51.019,8466.873,9110.994,511.748,550.68,13.363,375.53,187.765,8.305,120.0,43.35,28.169,17094.366,17094.366,1565.236,606.856
208,CCB30x166,CCB30x166,W21X166,W21X166,9.625,6.489,5.62,33.72,60.0,22.48,166.0,40.25,57.11,10019.504,10729.521,594.277,636.389,13.707,434.573,217.286,8.305,120.0,43.35,27.936,19574.451,19574.451,1661.11,700.688
