RECNO,Name,StaadName,AX,D,B,T,Iz,Iy,Ix,Zz,Zy,C
1,HSS20X12X.625,HSST20X12X0.625,35.0,20.0,12.0,0.581,1880.0,851.0,1890.0,230.0,162.0,257.0
2,HSS20X12X.500,HSST20X12X0.5,28.3,20.0,12.0,0.465,1550.0,705.0,1540.0,188.0,132.0,209.0
3,HSS20X12X.375,HSST20X12X0.375,21.5,20.0,12.0,0.349,1200.0,547.0,1180.0,144.0,102.0,160.0
4,HSS20X12X.3125,HSST20X12X0.313,18.1,20.0,12.0,0.291,1010.0,464.0,997.0,122.0,85.8,134.0
5,HSS20X8X.625,HSST20X8X0.625,30.3,20.0,8.0,0.581,1440.0,338.0,916.0,185.0,96.4,167.0
6,HSS20X8X.500,HSST20X8X0.5,24.6,20.0,8.0,0.465,1190.0,283.0,757.0,152.0,79.5,137.0
7,HSS20X8X.375,HSST20X8X0.375,18.7,20.0,8.0,0.349,926.0,222.0,586.0,117.0,61.5,105.0
8,HSS20X8X.3125,HSST20X8X0.313,15.7,20.0,8.0,0.291,786.0,189.0,496.0,98.6,52.0,88.3
9,HSS20X4X.500,HSST20X4X0.5,20.9,20.0,4.0,0.465,838.0,58.7,195.0,115.0,34.0,63.8
10,HSS20X4X.375,HSST20X4X0.375,16.0,20.0,4.0,0.349,657.0,47.6,156.0,89.3,26.8,49.9
11,HSS20X4X.3125,HSST20X4X0.313,13.4,20.0,4.0,0.291,560.0,41.2,134.0,75.6,22.9,42.4
12,HSS18X12X.625,HSST18X12X0.625,32.6,18.0,12.0,0.581,1450.0,776.0,1630.0,196.0,148.0,230.0
13,HSS18X12X.500,HSST18X12X0.5,26.5,18.0,12.0,0.465,1200.0,643.0,1330.0,161.0,122.0,188.0
14,HSS18X12X.375,HSST18X12X0.375,20.1,18.0,12.0,0.349,929.0,499.0,1020.0,123.0,93.6,143.0
15,HSS18X6X.625,HSST18X6X0.625,25.7,18.0,6.0,0.581,923.0,158.0,462.0,135.0,61.0,109.0
16,HSS18X6X.500,HSST18X6X0.5,20.9,18.0,6.0,0.465,770.0,134.0,387.0,112.0,50.7,89.9
17,HSS18X6X.375,HSST18X6X0.375,16.0,18.0,6.0,0.349,602.0,106.0,302.0,86.4,39.5,69.5
18,HSS18X6X.3125,HSST18X6X0.313,13.4,18.0,6.0,0.291,513.0,91.3,257.0,73.1,33.5,58.7
19,HSS18X6X.250,HSST18X6X0.25,10.8,18.0,6.0,0.233,419.0,75.1,210.0,59.4,27.3,47.7
20,HSS16X16X.625,HSST16X16X0.625,35.0,16.0,16.0,0.581,1370.0,1370.0,2170.0,200.0,200.0,276.0
21,HSS16X16X.500,HSST16X16X0.5,28.3,16.0,16.0,0.465,1130.0,1130.0,1770.0,164.0,164.0,224.0
22,HSS16X16X.375,HSST16X16X0.375,21.5,16.0,16.0,0.349,873.0,873.0,1350.0,126.0,126.0,171.0
23,HSS16X16X.3125,HSST16X16X0.313,18.1,16.0,16.0,0.291,739.0,739.0,1140.0,106.0,106.0,144.0
24,HSS16X12X.625,HSST16X12X0.625,30.3,16.0,12.0,0.581,1090.0,700.0,1370.0,165.0,135.0,204.0
25,HSS16X12X.500,HSST16X12X0.5,24.6,16.0,12.0,0.465,904.0,581.0,1120.0,135.0,111.0,166.0
26,HSS16X12X.375,HSST16X12X0.375,18.7,16.0,12.0,0.349,702.0,452.0,862.0,104.0,85.5,127.0
27,HSS16X12X.3125,HSST16X12X0.313,15.7,16.0,12.0,0.291,595.0,384.0,727.0,87.7,72.2,107.0
28,HSS16X8X.625,HSST16X8X0.625,25.7,16.0,8.0,0.581,815.0,274.0,681.0,129.0,79.2,132.0
29,HSS16X8X.500,HSST16X8X0.5,20.9,16.0,8.0,0.465,679.0,230.0,563.0,106.0,65.5,108.0
30,HSS16X8X.375,HSST16X8X0.375,16.0,16.0,8.0,0.349,531.0,181.0,436.0,82.1,50.8,83.4
31,HSS16X8X.3125,HSST16X8X0.313,13.4,16.0,8.0,0.291,451.0,155.0,369.0,69.4,43.0,70.4
32,HSS16X4X.500,HSST16X4X0.5,17.2,16.0,4.0,0.465,455.0,47.0,150.0,77.3,27.4,50.7
33,HSS16X4X.375,HSST16X4X0.375,13.2,16.0,4.0,0.349,360.0,38.3,120.0,60.2,21.7,39.7
34,HSS16X4X.3125,HSST16X4X0.313,11.1,16.0,4.0,0.291,308.0,33.2,103.0,51.1,18.5,33.8
35,HSS14X14X.625,HSST14X14X0.625,30.6,14.0,14.0,0.581,897.0,897.0,1430.0,151.0,151.0,208.0
36,HSS14X14X.500,HSST14X14X0.5,24.6,14.0,14.0,0.465,743.0,743.0,1170.0,124.0,124.0,170.0
37,HSS14X14X.375,HSST14X14X0.375,18.7,14.0,14.0,0.349,577.0,577.0,900.0,95.4,95.4,130.0
38,HSS14X14X.3125,HSST14X14X0.313,15.7,14.0,14.0,0.291,490.0,490.0,759.0,80.5,80.5,109.0
39,HSS14X12X.500,HSST14X12X0.5,22.8,14.0,12.0,0.465,658.0,519.0,921.0,111.0,100.0,145.0
40,HSS14X12X.375,HSST14X12X0.375,17.3,14.0,12.0,0.349,512.0,405.0,708.0,85.9,77.4,111.0
41,HSS14X10X.625,HSST14X10X0.625,25.7,14.0,10.0,0.581,687.0,407.0,832.0,120.0,95.1,146.0
42,HSS14X10X.500,HSST14X10X0.5,20.9,14.0,10.0,0.465,573.0,341.0,685.0,98.8,78.5,120.0
43,HSS14X10X.375,HSST14X10X0.375,16.0,14.0,10.0,0.349,447.0,267.0,528.0,76.3,60.7,91.8
44,HSS14X10X.3125,HSST14X10X0.313,13.4,14.0,10.0,0.291,380.0,227.0,446.0,64.6,51.4,77.4
45,HSS14X10X.250,HSST14X10X0.25,10.8,14.0,10.0,0.233,310.0,186.0,362.0,52.4,41.8,62.6
46,HSS14X6X.625,HSST14X6X0.625,21.0,14.0,6.0,0.581,478.0,124.0,334.0,88.7,48.4,83.7
47,HSS14X6X.500,HSST14X6X0.5,17.2,14.0,6.0,0.465,402.0,105.0,279.0,73.6,40.4,69.3
48,HSS14X6X.375,HSST14X6X0.375,13.2,14.0,6.0,0.349,317.0,84.1,219.0,57.3,31.6,53.7
49,HSS14X6X.3125,HSST14X6X0.313,11.1,14.0,6.0,0.291,271.0,72.3,186.0,48.6,26.9,45.5
50,HSS14X6X.250,HSST14X6X0.25,8.96,14.0,6.0,0.233,222.0,59.6,152.0,39.6,22.0,36.9
51,HSS14X6X.1875,HSST14X6X0.188,6.76,14.0,6.0,0.174,170.0,45.9,116.0,30.1,16.7,28.0
52,HSS14X4X.625,HSST14X4X0.625,18.7,14.0,4.0,0.581,373.0,47.2,148.0,73.1,28.5,52.6
53,HSS14X4X.500,HSST14X4X0.5,15.3,14.0,4.0,0.465,317.0,21.2,127.0,61.0,24.1,44.1
54,HSS14X4X.375,HSST14X4X0.375,11.8,14.0,4.0,0.349,252.0,33.6,102.0,47.8,19.1,34.6
55,HSS14X4X.3125,HSST14X4X0.313,9.92,14.0,4.0,0.291,216.0,29.2,87.7,40.6,16.4,29.5
56,HSS14X4X.250,HSST14X4X0.25,8.03,14.0,4.0,0.233,178.0,24.4,72.4,33.2,13.5,24.1
57,HSS14X4X.1875,HSST14X4X0.188,6.06,14.0,4.0,0.174,137.0,19.0,55.8,25.3,10.3,18.4
58,HSS12X12X.625,HSST12X12X0.625,25.7,12.0,12.0,0.581,548.0,548.0,885.0,109.0,109.0,151.0
59,HSS12X12X.500,HSST12X12X0.5,20.9,12.0,12.0,0.465,457.0,457.0,728.0,89.6,89.6,123.0
60,HSS12X12X.375,HSST12X12X0.375,16.0,12.0,12.0,0.349,357.0,357.0,561.0,69.2,69.2,94.6
61,HSS12X12X.3125,HSST12X12X0.313,13.4,12.0,12.0,0.291,304.0,304.0,474.0,58.6,58.6,79.7
62,HSS12X12X.25,HSST12X12X0.25,10.8,12.0,12.0,0.233,248.0,248.0,384.0,47.6,47.6,64.5
63,HSS12X10X.500,HSST12X10X0.5,19.0,12.0,10.0,0.465,395.0,298.0,545.0,78.8,69.6,102.0
64,HSS12X10X.375,HSST12X10X0.375,14.6,12.0,10.0,0.349,310.0,234.0,421.0,61.1,54.0,78.3
65,HSS12X10X.3125,HSST12X10X0.313,12.2,12.0,10.0,0.291,264.0,200.0,356.0,51.7,45.7,66.1
66,HSS12X10X.250,HSST12X10X0.25,9.9,12.0,10.0,0.233,216.0,164.0,289.0,42.1,37.2,53.5
67,HSS12X8X.625,HSST12X8X0.625,21.0,12.0,8.0,0.581,397.0,210.0,454.0,82.1,61.9,97.7
68,HSS12X8X.500,HSST12X8X0.5,17.2,12.0,8.0,0.465,333.0,178.0,377.0,68.1,51.5,80.4
69,HSS12X8X.375,HSST12X8X0.375,13.2,12.0,8.0,0.349,262.0,140.0,293.0,53.0,40.1,62.1
70,HSS12X8X.3125,HSST12X8X0.313,11.1,12.0,8.0,0.291,224.0,120.0,248.0,44.9,34.1,52.4
71,HSS12X8X.250,HSST12X8X0.25,8.96,12.0,8.0,0.233,184.0,98.8,202.0,36.6,27.8,42.5
72,HSS12X8X.1875,HSST12X8X0.188,6.76,12.0,8.0,0.174,140.0,75.7,153.0,27.8,21.1,32.2
73,HSS12X6X.625,HSST12X6X0.625,18.7,12.0,6.0,0.581,321.0,107.0,271.0,68.8,42.1,71.1
74,HSS12X6X.500,HSST12X6X0.5,15.3,12.0,6.0,0.465,271.0,91.1,227.0,57.4,35.2,59.0
75,HSS12X6X.375,HSST12X6X0.375,11.8,12.0,6.0,0.349,215.0,72.9,178.0,44.8,27.7,45.8
76,HSS12X6X.3125,HSST12X6X0.313,9.92,12.0,6.0,0.291,184.0,62.8,152.0,38.1,23.6,38.8
77,HSS12X6X.250,HSST12X6X0.25,8.03,12.0,6.0,0.233,151.0,51.9,124.0,31.1,19.3,31.6
78,HSS12X6X.1875,HSST12X6X0.188,6.06,12.0,6.0,0.174,116.0,40.0,94.6,23.7,14.7,24.0
79,HSS12X4X.625,HSST12X4X0.625,16.4,12.0,4.0,0.581,245.0,40.4,122.0,55.5,24.5,44.6
80,HSS12X4X.500,HSST12X4X0.5,13.5,12.0,4.0,0.465,210.0,35.3,105.0,46.7,20.9,37.5
81,HSS12X4X.375,HSST12X4X0.375,10.4,12.0,4.0,0.349,168.0,28.9,84.1,36.7,16.6,29.5
82,HSS12X4X.3125,HSST12X4X0.313,8.76,12.0,4.0,0.291,144.0,25.2,72.4,31.3,14.2,25.2
83,HSS12X4X.250,HSST12X4X0.25,7.1,12.0,4.0,0.233,119.0,21.0,59.8,25.6,11.7,20.6
84,HSS12X4X.1875,HSST12X4X0.188,5.37,12.0,4.0,0.174,91.8,16.4,46.1,19.6,9.0,15.7
85,HSS12X3-1/2X.375,HSST12X3.5X0.375,10.0,12.0,3.5,0.349,156.0,21.3,64.7,34.7,14.0,25.5
86,HSS12X3-1/2X.3125,HSST12X3.5X0.313,8.46,12.0,3.5,0.291,134.0,18.6,56.0,29.6,12.1,21.8
87,HSS12X3X.3125,HSST12X3X0.313,8.17,12.0,3.0,0.291,124.0,13.1,41.3,27.9,10.0,18.4
88,HSS12X3X.250,HSST12X3X0.25,6.63,12.0,3.0,0.233,103.0,11.1,34.5,22.9,8.28,15.1
89,HSS12X3X.1875,HSST12X3X0.188,5.02,12.0,3.0,0.174,79.6,8.72,26.8,17.5,6.4,11.6
90,HSS12X2X.250,HSST12X2X0.25,6.17,12.0,2.0,0.233,86.9,4.41,15.1,20.1,5.08,9.64
91,HSS12X2X.1875,HSST12X2X0.188,4.67,12.0,2.0,0.174,67.4,3.55,12.0,15.5,3.97,7.49
92,HSS10X10X.625,HSST10X10X0.625,21.0,10.0,10.0,0.581,304.0,304.0,498.0,73.2,73.2,102.0
93,HSS10X10X.500,HSST10X10X0.5,17.2,10.0,10.0,0.465,256.0,256.0,412.0,60.7,60.7,84.4
94,HSS10X10X.375,HSST10X10X0.375,13.2,10.0,10.0,0.349,202.0,202.0,320.0,47.2,47.2,64.8
95,HSS10X10X.3125,HSST10X10X0.313,11.1,10.0,10.0,0.291,172.0,172.0,271.0,40.1,40.1,54.8
96,HSS10X10X.250,HSST10X10X0.25,8.96,10.0,10.0,0.233,141.0,141.0,220.0,32.7,32.7,44.4
97,HSS10X10X.1875,HSST10X10X0.188,6.76,10.0,10.0,0.174,108.0,108.0,167.0,24.8,24.8,33.6
98,HSS10X8X.500,HSST10X8X0.5,15.3,10.0,8.0,0.465,214.0,151.0,288.0,51.9,44.5,66.4
99,HSS10X8X.375,HSST10X8X0.375,11.8,10.0,8.0,0.349,169.0,120.0,224.0,40.5,34.8,51.4
100,HSS10X8X.3125,HSST10X8X0.313,9.92,10.0,8.0,0.291,145.0,103.0,190.0,34.4,29.6,43.5
101,HSS10X8X.250,HSST10X8X0.25,8.03,10.0,8.0,0.233,119.0,84.7,155.0,28.1,24.2,35.3
102,HSS10X8X.1875,HSST10X8X0.188,6.06,10.0,8.0,0.174,91.4,65.1,118.0,21.4,18.4,26.7
103,HSS10X6X.625,HSST10X6X0.625,16.4,10.0,6.0,0.581,201.0,89.4,209.0,51.3,35.8,58.6
104,HSS10X6X.500,HSST10X6X0.5,13.5,10.0,6.0,0.465,171.0,76.8,176.0,43.0,30.1,48.7
105,HSS10X6X.375,HSST10X6X0.375,10.4,10.0,6.0,0.349,137.0,61.8,139.0,33.8,23.7,37.9
106,HSS10X6X.3125,HSST10X6X0.313,8.76,10.0,6.0,0.291,118.0,53.3,118.0,28.8,20.2,32.2
107,HSS10X6X.250,HSST10X6X0.25,7.1,10.0,6.0,0.233,96.9,44.1,96.7,23.6,16.6,26.2
108,HSS10X6X.1875,HSST10X6X0.188,5.37,10.0,6.0,0.174,74.6,34.1,73.8,18.0,12.7,19.9
109,HSS10X5X.375,HSST10X5X0.375,9.67,10.0,5.0,0.349,120.0,40.6,100.0,30.4,18.7,31.2
110,HSS10X5X.3125,HSST10X5X0.313,8.17,10.0,5.0,0.291,104.0,35.2,86.0,26.0,16.0,26.5
111,HSS10X5X.250,HSST10X5X0.25,6.63,10.0,5.0,0.233,85.8,29.3,70.7,21.3,13.2,21.6
112,HSS10X5X.1875,HSST10X5X0.188,5.02,10.0,5.0,0.174,66.2,22.7,54.1,16.3,10.1,16.5
113,HSS10X4X.625,HSST10X4X0.625,14.0,10.0,4.0,0.581,149.0,33.5,95.7,40.3,20.6,36.7
114,HSS10X4X.500,HSST10X4X0.5,11.6,10.0,4.0,0.465,129.0,29.5,82.6,34.1,17.6,31.0
115,HSS10X4X.375,HSST10X4X0.375,8.97,10.0,4.0,0.349,104.0,24.3,66.5,27.0,14.0,24.4
116,HSS10X4X.3125,HSST10X4X0.313,7.59,10.0,4.0,0.291,90.1,21.2,57.3,23.1,12.1,20.9
117,HSS10X4X.250,HSST10X4X0.25,6.17,10.0,4.0,0.233,74.7,17.7,47.4,19.0,9.96,17.1
118,HSS10X4X.1875,HSST10X4X0.188,4.67,10.0,4.0,0.174,57.8,13.9,36.5,14.6,7.66,13.1
119,HSS10X3-1/2X.1875,HSST10X3.5X0.188,4.5,10.0,3.5,0.174,53.6,10.3,28.6,13.7,6.52,11.4
120,HSS10X3X.375,HSST10X3X0.375,8.27,10.0,3.0,0.349,88.0,12.4,37.8,23.7,9.73,17.7
121,HSS10X3X.3125,HSST10X3X0.313,7.01,10.0,3.0,0.291,76.3,11.0,33.0,20.3,8.42,15.2
122,HSS10X3X.250,HSST10X3X0.25,5.7,10.0,3.0,0.233,63.6,9.28,27.6,16.7,6.99,12.5
123,HSS10X3X.1875,HSST10X3X0.188,4.32,10.0,3.0,0.174,49.4,7.33,21.5,12.8,5.41,9.64
124,HSS10X3X.125,HSST10X3X0.125,2.93,10.0,3.0,0.116,34.2,5.16,14.9,8.8,3.74,6.61
125,HSS10X2X.375,HSST10X2X0.375,7.58,10.0,2.0,0.349,71.7,4.7,15.9,20.3,5.76,11.0
126,HSS10X2X.3125,HSST10X2X0.313,6.43,10.0,2.0,0.291,62.6,4.24,14.2,17.5,5.06,9.56
127,HSS10X2X.250,HSST10X2X0.25,5.24,10.0,2.0,0.233,52.5,3.67,12.2,14.1,4.26,7.99
128,HSS10X2X.1875,HSST10X2X0.188,3.98,10.0,2.0,0.174,41.0,2.97,9.74,11.1,3.34,6.22
129,HSS9X7X.625,HSST9X7X0.625,16.4,9.0,7.0,0.581,174.0,117.0,235.0,48.3,40.5,62.0
130,HSS9X7X.500,HSST9X7X0.5,13.5,9.0,7.0,0.465,149.0,100.0,197.0,40.5,34.0,51.5
131,HSS9X7X.375,HSST9X7X0.375,10.4,9.0,7.0,0.349,119.0,80.4,154.0,31.8,26.7,40.0
132,HSS9X7X.3125,HSST9X7X0.313,8.76,9.0,7.0,0.291,102.0,69.2,131.0,27.1,22.8,33.9
133,HSS9X7X.250,HSST9X7X0.25,7.1,9.0,7.0,0.233,84.1,57.2,107.0,22.2,18.7,27.6
134,HSS9X7X.1875,HSST9X7X0.188,5.37,9.0,7.0,0.174,64.7,44.1,81.7,16.9,14.3,20.9
135,HSS9X5X.625,HSST9X5X0.625,14.0,9.0,5.0,0.581,133.0,52.0,128.0,38.5,25.3,42.5
136,HSS9X5X.500,HSST9X5X0.5,11.6,9.0,5.0,0.465,115.0,45.2,109.0,32.5,21.5,35.6
137,HSS9X5X.375,HSST9X5X0.375,8.97,9.0,5.0,0.349,92.5,36.8,86.9,25.7,17.1,27.9
138,HSS9X5X.3125,HSST9X5X0.313,7.59,9.0,5.0,0.291,79.8,32.0,74.4,22.0,14.6,23.8
139,HSS9X5X.250,HSST9X5X0.25,6.17,9.0,5.0,0.233,66.1,26.6,61.2,18.1,12.0,19.4
140,HSS9X5X.1875,HSST9X5X0.188,4.67,9.0,5.0,0.174,51.1,20.7,46.9,13.8,9.25,14.8
141,HSS9X3X.500,HSST9X3X0.5,9.74,9.0,3.0,0.465,80.8,13.2,40.0,24.6,10.8,19.7
142,HSS9X3X.375,HSST9X3X0.375,7.58,9.0,3.0,0.349,66.3,11.2,33.1,19.7,8.8,15.8
143,HSS9X3X.3125,HSST9X3X0.313,6.43,9.0,3.0,0.291,57.7,9.88,28.9,16.9,7.63,13.6
144,HSS9X3X.250,HSST9X3X0.25,5.24,9.0,3.0,0.233,48.2,8.38,24.2,14.0,6.35,11.3
145,HSS9X3X.1875,HSST9X3X0.188,3.98,9.0,3.0,0.174,37.6,6.64,18.9,10.8,4.92,8.66
146,HSS8X8X.625,HSST8X8X0.625,16.4,8.0,8.0,0.581,146.0,146.0,244.0,44.7,44.7,63.2
147,HSS8X8X.500,HSST8X8X0.5,13.5,8.0,8.0,0.465,125.0,125.0,204.0,37.5,37.5,52.4
148,HSS8X8X.375,HSST8X8X0.375,10.4,8.0,8.0,0.349,99.6,99.6,160.0,29.4,29.4,40.7
149,HSS8X8X.3125,HSST8X8X0.313,8.76,8.0,8.0,0.291,85.6,85.6,136.0,25.1,25.1,34.5
150,HSS8X8X.250,HSST8X8X0.25,7.1,8.0,8.0,0.233,70.7,70.7,111.0,20.5,20.5,28.1
151,HSS8X8X.1875,HSST8X8X0.188,5.37,8.0,8.0,0.174,54.4,54.4,84.5,15.7,15.7,21.3
152,HSS8X6X.625,HSST8X6X0.625,14.0,8.0,6.0,0.581,114.0,72.3,150.0,36.1,29.5,46.0
153,HSS8X6X.500,HSST8X6X0.5,11.6,8.0,6.0,0.465,98.2,62.5,127.0,30.5,24.9,38.4
154,HSS8X6X.375,HSST8X6X0.375,8.97,8.0,6.0,0.349,79.1,50.6,100.0,24.1,19.8,30.0
155,HSS8X6X.3125,HSST8X6X0.313,7.59,8.0,6.0,0.291,68.3,43.8,85.8,20.6,16.9,25.5
156,HSS8X6X.250,HSST8X6X0.25,6.17,8.0,6.0,0.233,56.6,36.4,70.3,16.9,13.9,20.8
157,HSS8X6X.1875,HSST8X6X0.188,4.67,8.0,6.0,0.174,43.7,28.2,53.7,13.0,10.7,15.8
158,HSS8X4X.625,HSST8X4X0.625,11.7,8.0,4.0,0.581,82.0,26.6,70.3,27.4,16.6,28.7
159,HSS8X4X.500,HSST8X4X0.5,9.74,8.0,4.0,0.465,71.8,23.6,61.1,23.5,14.3,24.4
160,HSS8X4X.375,HSST8X4X0.375,7.58,8.0,4.0,0.349,58.7,19.6,49.3,18.8,11.5,19.3
161,HSS8X4X.3125,HSST8X4X0.313,6.43,8.0,4.0,0.291,51.0,17.2,42.6,16.1,9.91,16.5
162,HSS8X4X.250,HSST8X4X0.25,5.24,8.0,4.0,0.233,42.5,14.4,35.3,13.3,8.2,13.6
163,HSS8X4X.1875,HSST8X4X0.188,3.98,8.0,4.0,0.174,33.1,11.3,27.2,10.2,6.33,10.4
164,HSS8X4X.125,HSST8X4X0.125,2.7,8.0,4.0,0.116,22.9,7.9,18.7,7.02,4.36,7.1
165,HSS8X3X.500,HSST8X3X0.5,8.81,8.0,3.0,0.465,58.6,11.7,34.3,20.0,9.64,17.4
166,HSS8X3X.375,HSST8X3X0.375,6.88,8.0,3.0,0.349,48.5,9.95,28.5,16.1,7.88,14.0
167,HSS8X3X.3125,HSST8X3X0.313,5.85,8.0,3.0,0.291,42.4,8.81,24.9,13.9,6.84,12.1
168,HSS8X3X.250,HSST8X3X0.25,4.77,8.0,3.0,0.233,35.5,7.49,20.8,11.5,5.7,9.97
169,HSS8X3X.1875,HSST8X3X0.188,3.63,8.0,3.0,0.174,27.8,5.94,16.2,8.87,4.43,7.68
170,HSS8X3X.125,HSST8X3X0.125,2.46,8.0,3.0,0.116,19.3,4.2,11.3,6.11,3.07,5.27
171,HSS8X2X.375,HSST8X2X0.375,6.18,8.0,2.0,0.349,38.2,3.73,12.1,13.4,4.61,8.65
172,HSS8X2X.3125,HSST8X2X0.313,5.26,8.0,2.0,0.291,33.7,3.38,10.9,11.6,4.06,7.57
173,HSS8X2X.250,HSST8X2X0.25,4.3,8.0,2.0,0.233,28.5,2.94,9.36,9.68,3.43,6.35
174,HSS8X2X.1875,HSST8X2X0.188,3.28,8.0,2.0,0.174,22.4,2.39,7.48,7.51,2.7,4.95
175,HSS8X2X.125,HSST8X2X0.125,2.23,8.0,2.0,0.116,15.7,1.72,5.3,5.19,1.9,3.44
176,HSS7X7X.625,HSST7X7X0.625,14.0,7.0,7.0,0.581,93.4,93.4,158.0,33.1,33.1,47.1
177,HSS7X7X.500,HSST7X7X0.5,11.6,7.0,7.0,0.465,80.5,80.5,133.0,27.9,27.9,39.3
178,HSS7X7X.375,HSST7X7X0.375,8.97,7.0,7.0,0.349,65.0,65.0,105.0,22.1,22.1,30.7
179,HSS7X7X.3125,HSST7X7X0.313,7.59,7.0,7.0,0.291,56.1,56.1,89.7,18.9,18.9,26.1
180,HSS7X7X.250,HSST7X7X0.25,6.17,7.0,7.0,0.233,46.5,46.5,73.5,15.5,15.5,21.3
181,HSS7X7X.1875,HSST7X7X0.188,4.67,7.0,7.0,0.174,36.0,36.0,56.1,11.9,11.9,16.2
182,HSS7X5X.625,HSST7X5X0.625,11.7,7.0,5.0,0.581,69.4,40.6,88.5,25.6,20.2,32.2
183,HSS7X5X.500,HSST7X5X0.5,9.74,7.0,5.0,0.465,60.6,35.6,75.8,21.9,17.3,27.2
184,HSS7X5X.375,HSST7X5X0.375,7.58,7.0,5.0,0.349,49.5,29.3,60.6,17.5,13.8,21.4
185,HSS7X5X.3125,HSST7X5X0.313,6.43,7.0,5.0,0.291,43.0,25.5,52.1,15.0,11.9,18.3
186,HSS7X5X.250,HSST7X5X0.25,5.24,7.0,5.0,0.233,35.9,21.3,42.9,12.4,9.83,15.0
187,HSS7X5X.1875,HSST7X5X0.188,3.98,7.0,5.0,0.174,27.9,16.6,32.9,9.52,7.57,11.4
188,HSS7X5X.125,HSST7X5X0.125,2.7,7.0,5.0,0.116,19.3,11.6,22.5,6.53,5.2,7.79
189,HSS7X4X.500,HSST7X4X0.5,8.81,7.0,4.0,0.465,50.7,20.7,50.5,18.8,12.6,21.1
190,HSS7X4X.375,HSST7X4X0.375,6.88,7.0,4.0,0.349,41.8,17.3,41.0,15.1,10.2,16.8
191,HSS7X4X.3125,HSST7X4X0.313,5.85,7.0,4.0,0.291,36.5,15.2,35.4,13.1,8.83,14.4
192,HSS7X4X.250,HSST7X4X0.25,4.77,7.0,4.0,0.233,30.5,12.8,29.3,10.8,7.33,11.8
193,HSS7X4X.1875,HSST7X4X0.188,3.63,7.0,4.0,0.174,23.8,10.0,22.7,8.33,5.67,9.07
194,HSS7X4X.125,HSST7X4X0.125,2.46,7.0,4.0,0.116,16.6,7.03,15.6,5.73,3.91,6.2
195,HSS7X3X.500,HSST7X3X0.5,7.88,7.0,3.0,0.465,40.7,10.2,28.6,15.8,8.46,15.0
196,HSS7X3X.375,HSST7X3X0.375,6.18,7.0,3.0,0.349,34.1,8.71,23.9,12.8,6.95,12.1
197,HSS7X3X.3125,HSST7X3X0.313,5.26,7.0,3.0,0.291,29.9,7.74,20.9,11.1,6.05,10.5
198,HSS7X3X.250,HSST7X3X0.25,4.3,7.0,3.0,0.233,25.2,6.6,17.5,9.22,5.06,8.68
199,HSS7X3X.1875,HSST7X3X0.188,3.28,7.0,3.0,0.174,19.8,5.24,13.7,7.14,3.94,6.69
200,HSS7X3X.125,HSST7X3X0.125,2.23,7.0,3.0,0.116,13.8,3.71,9.48,4.93,2.73,4.6
201,HSS6X6X.625,HSST6X6X0.625,11.7,6.0,6.0,0.581,55.2,55.2,94.9,23.2,23.2,33.4
202,HSS6X6X.500,HSST6X6X0.5,9.74,6.0,6.0,0.465,48.3,48.3,81.1,19.8,19.8,28.1
203,HSS6X6X.375,HSST6X6X0.375,7.58,6.0,6.0,0.349,39.5,39.5,64.6,15.8,15.8,22.1
204,HSS6X6X3125,HSST6X6X0.313,6.43,6.0,6.0,0.291,34.3,34.3,55.4,13.6,13.6,18.9
205,HSS6X6X.250,HSST6X6X0.25,5.24,6.0,6.0,0.233,28.6,28.6,45.6,11.2,11.2,15.4
206,HSS6X6X.1875,HSST6X6X0.188,3.98,6.0,6.0,0.174,22.3,22.3,35.0,8.63,8.63,11.8
207,HSS6X6X.125,HSST6X6X0.125,2.7,6.0,6.0,0.116,15.5,15.5,23.9,5.92,5.92,8.03
208,HSS6X5X.375,HSST6X5X0.375,6.88,6.0,5.0,0.349,33.9,25.5,48.1,13.8,12.2,18.2
209,HSS6X5X.3125,HSST6X5X0.313,5.85,6.0,5.0,0.291,29.6,22.3,41.4,11.9,10.5,15.6
210,HSS6X5X.25,HSST6X5X0.25,4.77,6.0,5.0,0.233,24.7,18.7,34.2,9.87,8.72,12.8
211,HSS6X5X.1875,HSST6X5X0.188,3.63,6.0,5.0,0.174,19.3,14.6,26.3,7.62,6.73,9.76
212,HSS6X4X.500,HSST6X4X0.5,7.88,6.0,4.0,0.465,34.0,17.8,40.3,14.6,11.0,17.8
213,HSS6X4X.375,HSST6X4X0.375,6.18,6.0,4.0,0.349,28.3,14.9,32.8,11.9,8.94,14.2
214,HSS6X4X.3125,HSST6X4X0.313,5.26,6.0,4.0,0.291,24.8,13.2,28.4,10.3,7.75,12.2
215,HSS6X4X.250,HSST6X4X0.25,4.3,6.0,4.0,0.233,20.9,11.1,23.6,8.53,6.45,10.1
216,HSS6X4X.1875,HSST6X4X0.188,3.28,6.0,4.0,0.174,16.4,8.76,18.2,6.6,5.0,7.74
217,HSS6X4X.125,HSST6X4X0.125,2.23,6.0,4.0,0.116,11.4,6.15,12.6,4.56,3.46,5.3
218,HSS6X3X.500,HSST6X3X0.5,6.95,6.0,3.0,0.465,26.8,8.69,23.1,12.1,7.28,12.7
219,HSS6X3X.375,HSST6X3X0.375,5.48,6.0,3.0,0.349,22.7,7.48,19.3,9.9,6.03,10.3
220,HSS6X3X.3125,HSST6X3X0.313,4.68,6.0,3.0,0.291,20.1,6.67,16.9,8.61,5.27,8.91
221,HSS6X3X.250,HSST6X3X0.25,3.84,6.0,3.0,0.233,17.0,5.7,14.2,7.19,4.41,7.39
222,HSS6X3X.1875,HSST6X3X0.188,2.93,6.0,3.0,0.174,13.4,4.55,11.1,5.59,3.45,5.71
223,HSS6X3X.125,HSST6X3X0.125,2.0,6.0,3.0,0.116,9.43,3.23,7.73,3.87,2.4,3.93
224,HSS6X2X.375,HSST6X2X0.375,4.78,6.0,2.0,0.349,17.1,2.77,8.42,7.93,3.46,6.35
225,HSS6X2X.3125,HSST6X2X0.313,4.1,6.0,2.0,0.291,15.3,2.52,7.6,6.95,3.07,5.58
226,HSS6X2X.250,HSST6X2X0.25,3.37,6.0,2.0,0.233,13.1,2.21,6.55,5.84,2.61,4.7
227,HSS6X2X.1875,HSST6X2X0.188,2.58,6.0,2.0,0.174,10.5,1.8,5.24,4.58,2.07,3.68
228,HSS6X2X.125,HSST6X2X0.125,1.77,6.0,2.0,0.116,7.42,1.31,3.72,3.19,1.46,2.57
229,HSS5-1/2X5-1/2X.375,HSST5.5X5.5X0.375,6.88,5.5,5.5,0.349,29.7,29.7,49.0,13.1,13.1,18.4
230,HSS5-1/2X5-1/2X.3125,HSST5.5X5.5X0.313,5.85,5.5,5.5,0.291,25.9,25.9,42.2,11.3,11.3,15.7
231,HSS5-1/2X5-1/2X.250,HSST5.5X5.5X0.25,4.77,5.5,5.5,0.233,21.7,21.7,34.8,9.32,9.32,12.9
232,HSS5-1/2X5-1/2X.1875,HSST5.5X5.5X0.188,3.63,5.5,5.5,0.174,17.0,17.0,26.7,7.19,7.19,9.85
233,HSS5-1/2X5-1/2X.125,HSST5.5X5.5X0.125,2.46,5.5,5.5,0.116,11.8,11.8,18.3,4.95,4.95,6.72
234,HSS5X5X.500,HSST5X5X0.5,7.88,5.0,5.0,0.465,26.0,26.0,44.6,13.1,13.1,18.7
235,HSS5X5X.375,HSST5X5X0.375,6.18,5.0,5.0,0.349,21.7,21.7,36.1,10.6,10.6,14.9
236,HSS5X5X.3125,HSST5X5X0.313,5.26,5.0,5.0,0.291,19.0,19.0,31.2,9.16,9.16,12.8
237,HSS5X5X.250,HSST5X5X0.25,4.3,5.0,5.0,0.233,16.0,16.0,25.8,7.61,7.61,10.5
238,HSS5X5X.1875,HSST5X5X0.188,3.28,5.0,5.0,0.174,12.6,12.6,19.9,5.89,5.89,8.08
239,HSS5X5X.125,HSST5X5X0.125,2.23,5.0,5.0,0.116,8.8,8.8,13.7,4.07,4.07,5.53
240,HSS5X4X.5,HSST5X4X0.5,6.95,5.0,4.0,0.465,21.2,14.9,30.3,10.9,9.35,14.5
241,HSS5X4X.375,HSST5X4X0.375,5.48,5.0,4.0,0.349,17.9,12.6,24.9,8.96,7.67,11.7
242,HSS5X4X.3125,HSST5X4X0.313,4.68,5.0,4.0,0.291,15.8,11.1,21.7,7.79,6.67,10.1
243,HSS5X4X.250,HSST5X4X0.25,3.84,5.0,4.0,0.233,13.4,9.46,18.0,6.49,5.57,8.32
244,HSS5X4X.1875,HSST5X4X0.188,2.93,5.0,4.0,0.174,10.6,7.48,14.0,5.05,4.34,6.41
245,HSS5X3X.500,HSST5X3X0.5,6.02,5.0,3.0,0.465,16.4,7.18,17.6,8.83,6.1,10.3
246,HSS5X3X.375,HSST5X3X0.375,4.78,5.0,3.0,0.349,14.1,6.25,14.9,7.34,5.1,8.44
247,HSS5X3X.3125,HSST5X3X0.313,4.1,5.0,3.0,0.291,12.6,5.6,13.1,6.42,4.48,7.33
248,HSS5X3X.250,HSST5X3X0.25,3.37,5.0,3.0,0.233,10.7,4.81,11.0,5.38,3.77,6.1
249,HSS5X3X.1875,HSST5X3X0.188,2.58,5.0,3.0,0.174,8.53,3.85,8.64,4.21,2.96,4.73
250,HSS5X3X.125,HSST5X3X0.125,1.77,5.0,3.0,0.116,6.03,2.75,6.02,2.93,2.07,3.26
251,HSS5X2-1/2X.25,HSST5X2.5X0.25,3.14,5.0,2.5,0.233,9.4,3.13,7.93,4.83,2.95,4.99
252,HSS5X2-1/2X.1875,HSST5X2.5X0.188,2.41,5.0,2.5,0.174,7.51,2.53,6.26,3.79,2.33,3.89
253,HSS5X2-1/2X.125,HSST5X2.5X0.125,1.65,5.0,2.5,0.116,5.34,1.82,4.4,2.65,1.64,2.7
254,HSS5X2X.375,HSST5X2X0.375,4.09,5.0,2.0,0.349,10.4,2.28,6.61,5.71,2.88,5.2
255,HSS5X2X.3125,HSST5X2X0.313,3.52,5.0,2.0,0.291,9.35,2.1,5.99,5.05,2.57,4.59
256,HSS5X2X.250,HSST5X2X0.25,2.91,5.0,2.0,0.233,8.08,1.84,5.17,4.27,2.2,3.88
257,HSS5X2X.1875,HSST5X2X0.188,2.24,5.0,2.0,0.174,6.5,1.51,4.15,3.37,1.75,3.05
258,HSS5X2X.125,HSST5X2X0.125,1.54,5.0,2.0,0.116,4.65,1.1,2.95,2.37,1.24,2.13
259,HSS4-1/2X4-1/2X.500,HSST4.5X4.5X0.5,6.95,4.5,4.5,0.465,18.1,18.1,31.3,10.2,10.2,14.8
260,HSS4-1/2X4-1/2X.375,HSST4.5X4.5X0.375,5.48,4.5,4.5,0.349,15.3,15.3,25.7,8.36,8.36,11.9
261,HSS4-1/2X4-1/2X.3125,HSST4.5X4.5X0.313,4.68,4.5,4.5,0.291,13.5,13.5,22.3,7.27,7.27,10.2
262,HSS4-1/2X4-1/2X.250,HSST4.5X4.5X0.25,3.84,4.5,4.5,0.233,11.4,11.4,18.5,6.06,6.06,8.44
263,HSS4-1/2X4-1/2X.1875,HSST4.5X4.5X0.188,2.93,4.5,4.5,0.174,9.02,9.02,14.4,4.71,4.71,6.49
264,HSS4-1/2X4-1/2X.125,HSST4.5X4.5X0.125,2.0,4.5,4.5,0.116,6.35,6.35,9.92,3.27,3.27,4.45
265,HSS4X4X.500,HSST4X4X0.5,6.02,4.0,4.0,0.465,11.9,11.9,21.0,7.7,7.7,11.2
266,HSS4X4X.375,HSST4X4X0.375,4.78,4.0,4.0,0.349,10.3,10.3,17.5,6.39,6.39,9.14
267,HSS4X4X.3125,HSST4X4X0.313,4.1,4.0,4.0,0.291,9.14,9.14,15.3,5.59,5.39,7.91
268,HSS4X4X.25,HSST4X4X0.25,3.37,4.0,4.0,0.233,7.8,7.8,12.8,4.69,4.69,6.56
269,HSS4X4X.1875,HSST4X4X0.188,2.58,4.0,4.0,0.174,6.21,6.21,9.96,3.67,3.67,5.07
270,HSS4X4X.125,HSST4X4X0.125,1.77,4.0,4.0,0.116,4.4,4.4,6.91,2.56,2.56,3.49
271,HSS4X3X.375,HSST4X3X0.375,4.09,4.0,3.0,0.349,7.93,5.01,10.6,5.12,4.18,6.59
272,HSS4X3X.3125,HSST4X3X0.313,3.52,4.0,3.0,0.291,7.14,4.52,9.41,4.51,3.69,5.75
273,HSS4X3X.250,HSST4X3X0.25,2.91,4.0,3.0,0.233,6.15,3.91,7.96,3.81,3.12,4.81
274,HSS4X3X.1875,HSST4X3X0.188,2.24,4.0,3.0,0.174,4.93,31.6,6.26,3.0,2.46,3.74
275,HSS4X3X.125,HSST4X3X0.125,1.54,4.0,3.0,0.116,3.52,2.27,4.38,2.11,1.73,2.59
276,HSS4X2-1/2X.3125,HSST4X2.5X0.313,3.23,4.0,2.5,0.291,6.13,2.89,6.77,3.97,2.85,4.67
277,HSS4X2-1/2X.250,HSST4X2.5X0.25,2.67,4.0,2.5,0.233,5.32,2.53,5.78,3.38,2.43,3.93
278,HSS4X2-1/2X.1875,HSST4X2.5X0.188,2.06,4.0,2.5,0.174,4.3,2.06,4.59,2.67,1.93,3.08
279,HSS4X2X.375,HSST4X2X0.375,3.39,4.0,2.0,0.349,5.6,1.8,4.83,3.84,2.31,4.04
280,HSS4X2X.3125,HSST4X2X0.313,2.94,4.0,2.0,0.291,5.13,1.67,4.4,3.43,2.08,3.59
281,HSS4X2X.250,HSST4X2X0.25,2.44,4.0,2.0,0.233,4.49,1.48,3.82,2.94,1.79,3.05
282,HSS4X2X.1875,HSST4X2X0.188,1.89,4.0,2.0,0.174,3.66,1.22,3.08,2.34,1.43,2.41
283,HSS4X2X.125,HSST4X2X0.125,1.3,4.0,2.0,0.116,2.65,0.898,2.2,1.66,1.02,1.69
284,HSS3-1/2X2-1/2X.375,HSST3.5X3.5X0.375,4.09,3.5,3.5,0.349,6.49,6.49,11.2,4.69,4.69,6.77
285,HSS3-1/2X2-1/2X.3125,HSST3.5X3.5X0.313,3.52,3.5,3.5,0.291,5.84,5.84,9.89,4.14,4.14,5.9
286,HSS3-1/2X2-1/2X.250,HSST3.5X3.5X0.25,2.91,3.5,3.5,0.233,5.04,5.04,8.35,3.5,3.5,4.92
287,HSS3-1/2X2-1/2X.1875,HSST3.5X3.5X0.188,2.24,3.5,3.5,0.174,4.05,4.05,6.56,2.76,2.76,3.83
288,HSS3-1/2X2-1/2X.125,HSST3.5X3.5X0.125,1.54,3.5,3.5,0.116,2.9,2.9,4.58,1.93,1.93,2.65
289,HSS3-1/2X3-1/2X.375,HSST3.5X2.5X0.375,3.39,3.5,2.5,0.349,4.75,2.77,6.16,3.59,2.82,4.57
290,HSS3-1/2X3-1/2X.3125,HSST3.5X2.5X0.313,2.94,3.5,2.5,0.291,4.34,2.54,5.53,3.2,2.52,4.03
291,HSS3-1/2X3-1/2X.250,HSST3.5X2.5X0.25,2.44,3.5,2.5,0.233,3.79,2.23,4.75,2.74,2.16,3.4
292,HSS3-1/2X3-1/2X.1875,HSST3.5X2.5X0.188,1.89,3.5,2.5,0.174,3.09,1.82,3.78,2.18,1.72,2.67
293,HSS3-1/2X3-1/2X.125,HSST3.5X2.5X0.125,1.3,3.5,2.5,0.116,2.23,1.33,2.67,1.54,1.22,1.87
294,HSS3X3X.375,HSST3X3X0.375,3.39,3.0,3.0,0.349,3.78,3.78,6.64,3.25,3.25,4.74
295,HSS3X3X.3125,HSST3X3X0.313,2.94,3.0,3.0,0.291,3.45,3.45,5.94,2.9,2.9,4.18
296,HSS3X3X.250,HSST3X3X0.25,2.44,3.0,3.0,0.233,3.02,3.02,5.08,2.48,2.48,3.52
297,HSS3X3X.1875,HSST3X3X0.188,1.89,3.0,3.0,0.174,2.46,2.46,4.03,1.97,1.97,2.76
298,HSS3X3X.125,HSST3X3X0.125,1.3,3.0,3.0,0.116,1.78,1.78,2.84,1.4,1.4,1.92
299,HSS3X2-1/2X.3125,HSST3X2.5X0.313,2.64,3.0,2.5,0.291,2.92,2.18,4.34,2.51,2.2,3.39
300,HSS3X2-1/2X.250,HSST3X2.5X0.25,2.21,3.0,2.5,0.233,2.57,1.93,3.74,2.16,1.9,2.87
301,HSS3X2-1/2X.1875,HSST3X2.5X0.188,1.71,3.0,2.5,0.174,2.11,1.59,3.0,1.73,1.52,2.27
302,HSS3X2-1/2X.125,HSST3X2.5X0.125,1.19,3.0,2.5,0.116,1.54,1.16,2.13,1.23,1.09,1.59
303,HSS3X2X.3125,HSST3X2X0.313,2.35,3.0,2.0,0.291,2.38,1.24,2.87,2.11,1.58,2.6
304,HSS3X2X.250,HSST3X2X0.25,1.97,3.0,2.0,0.233,2.13,1.11,2.52,1.83,1.38,2.23
305,HSS3X2X.1875,HSST3X2X0.188,1.54,3.0,2.0,0.174,1.77,0.932,2.05,1.48,1.12,1.78
306,HSS3X2X.125,HSST3X2X0.125,1.07,3.0,2.0,0.116,1.3,0.692,1.47,1.06,0.803,1.25
307,HSS3X1-1/2X.250,HSST3X1.5X0.25,1.74,3.0,1.5,0.233,1.68,0.543,1.44,1.51,0.911,1.58
308,HSS3X1-1/2X.1875,HSST3X1.5X0.188,1.37,3.0,1.5,0.174,1.42,0.467,1.21,1.24,0.752,1.28
309,HSS3X1-1/2X.125,HSST3X1.5X0.125,0.956,3.0,1.5,0.116,1.06,0.355,0.886,0.895,0.55,0.92
310,HSS3X1X.125,HSST3X1X0.125,0.84,3.0,1.0,0.116,0.817,0.138,0.408,0.728,0.325,0.585
311,HSS2-1/2X2-1/2X.3125,HSST2.5X2.5X0.313,2.35,2.5,2.5,0.291,1.82,1.82,3.2,1.88,1.88,2.74
312,HSS2-1/2X2-1/2X.250,HSST2.5X2.5X0.25,1.97,2.5,2.5,0.233,1.63,1.63,2.79,1.63,1.63,2.35
313,HSS2-1/2X2-1/2X.1875,HSST2.5X2.5X0.188,1.54,2.5,2.5,0.174,1.35,1.35,2.25,1.32,1.32,1.86
314,HSS2-1/2X21/2X.125,HSST2.5X2.5X0.125,1.07,2.5,2.5,0.116,0.998,0.998,1.61,0.947,0.947,1.31
315,HSS2-1/2X1-1/2X.250,HSST2.5X1.5X0.25,1.51,2.5,1.5,0.233,1.03,0.449,1.1,1.11,0.764,1.29
316,HSS2-1/2X1-1/2X.1875,HSST2.5X1.5X0.188,1.19,2.5,1.5,0.174,0.882,0.39,0.929,0.915,0.636,1.05
317,HSS2-1/2X1-1/2X.125,HSST2.5X1.5X0.125,0.84,2.5,1.5,0.116,0.668,0.3,0.687,0.671,0.469,0.759
318,HSS2-1/4X2-1/4X.250,HSST2.25X2.25X0.25,1.74,2.25,2.25,0.233,1.13,1.13,1.96,1.28,1.28,1.85
319,HSS2-1/4X2-1/4X.1875,HSST2.25X2.25X0.188,1.37,2.25,2.25,0.174,0.953,0.953,1.6,1.04,1.04,1.48
320,HSS2-1/4X2-1/4X.125,HSST2.25X2.25X0.125,0.956,2.25,2.25,0.116,0.712,0.712,1.15,0.755,0.755,1.05
321,HSS2X2X.250,HSST2X2X0.25,1.51,2.0,2.0,0.233,0.747,0.747,1.31,0.964,0.964,1.41
322,HSS2X2X.1875,HSST2X2X0.188,1.19,2.0,2.0,0.174,0.641,0.641,1.09,0.797,0.797,1.14
323,HSS2X2X.125,HSST2X2X0.125,0.84,2.0,2.0,0.116,0.486,0.486,0.796,0.584,0.584,0.817
324,HSS2X1-1/2X.1875,HSST2X1.5X0.188,1.02,2.0,1.5,0.174,0.495,0.313,0.664,0.639,0.521,0.822
325,HSS2X1X.1875,HSST2X1X0.188,0.845,2.0,1.0,0.174,0.35,0.112,0.301,0.48,0.288,0.505
326,HSS2X1X.125,HSST2X1X0.125,0.608,2.0,1.0,0.116,0.28,0.0922,0.238,0.366,0.223,0.38
327,HSS1-3/4X1-3/4X.1875,HSST1.75X1.75X0.188,1.02,1.75,1.75,0.174,0.405,0.405,0.699,0.585,0.585,0.844
328,HSS1-5/8X1-5/8X.1875,HSST1.625X1.625X0.188,0.932,1.625,1.625,0.174,0.313,0.313,0.544,0.491,0.491,0.712
329,HSS1-5/8X1-5/8X.125,HSST1.625X1.625X0.125,0.666,1.625,1.625,0.116,0.246,0.246,0.41,0.37,0.37,0.522
330,HSS1-1/2X1-1/2X.1875,HSST1.5X1.5X0.188,0.845,1.5,1.5,0.174,0.236,0.236,0.414,0.406,0.406,0.592
331,HSS1-1/2X1-1/2X.125,HSST1.5X1.5X0.125,0.608,1.5,1.5,0.116,0.188,0.188,0.316,0.309,0.309,0.438
332,HSS1-1/4X1-1/4X.1875,HSST1.25X1.25X0.188,0.671,1.25,1.25,0.174,0.122,0.122,0.218,0.259,0.259,0.383
333,HSS1-1/4X1-1/4X.125,HSST1.25X1.25X0.125,0.492,1.25,1.25,0.116,0.102,0.102,0.174,0.204,0.204,0.292
