RECNO,Name,StaadName,AX,D,Bf,Tf,Tw,Iz,Ix,Ct,Iy,Zx,Zy,T,K,K1
1,W4X13,W4X13,3.83,4.16,4.06,0.345,0.28,11.3,0.15,0.44,3.9,6.3,2.9,2.97,0.595,0.5
2,W5X16,W5X16,4.68,5.01,5.0,0.36,0.24,21.3,0.19,0.46,7.5,9.6,4.6,3.69,0.66,0.4375
3,W5X19,W5X19,5.54,5.15,5.03,0.43,0.27,26.2,0.31,0.49,9.1,11.6,5.5,3.69,0.73,0.4375
4,W6X8.5,W6X8.5,2.52,5.83,3.94,0.195,0.17,14.9,0.0333,0.63,1.99,5.73,1.56,4.94,0.445,0.5
5,W6X9,W6X9,2.68,5.9,3.94,0.215,0.17,16.4,0.04,0.62,2.2,6.2,1.7,4.97,0.465,0.5
6,W6X12,W6X12,3.55,6.03,4.0,0.28,0.23,22.1,0.09,0.68,3.0,8.3,2.3,4.97,0.53,0.5625
7,W6X15,W6X15,4.43,5.99,5.99,0.26,0.23,29.1,0.1,0.56,9.3,10.8,4.8,4.97,0.655,0.5625
8,W6X16,W6X16,4.74,6.28,4.03,0.405,0.26,32.1,0.22,0.68,4.4,11.7,3.4,4.872,0.559,0.5625
9,W6X20,W6X20,5.87,6.2,6.02,0.365,0.26,41.4,0.24,0.56,13.3,14.9,6.7,4.872,0.664,0.5625
10,W6X25,W6X25,7.34,6.38,6.08,0.455,0.32,53.4,0.46,0.61,17.1,18.9,8.6,4.872,0.754,0.5625
11,W8X10,W8X10,2.96,7.89,3.94,0.205,0.17,30.8,0.04,0.95,2.1,8.9,1.7,6.88,0.505,0.5
12,W8X13,W8X13,3.84,7.99,4.0,0.255,0.23,39.6,0.09,1.03,2.7,11.4,2.2,6.88,0.555,0.5625
13,W8X15,W8X15,4.44,8.11,4.015,0.315,0.245,48.0,0.14,1.0,3.4,13.6,2.7,6.88,0.615,0.5625
14,W8X18,W8X18,5.26,8.14,5.25,0.33,0.23,61.9,0.17,0.83,8.0,17.0,4.7,6.88,0.63,0.5625
15,W8X21,W8X21,6.16,8.28,5.27,0.4,0.25,75.3,0.28,0.83,9.8,20.4,5.7,6.88,0.7,0.5625
16,W8X24,W8X24,7.08,7.93,6.495,0.4,0.245,82.8,0.35,0.7,18.3,23.2,8.6,6.88,0.794,0.5625
17,W8X28,W8X28,8.25,8.06,6.535,0.465,0.285,98.0,0.54,0.73,21.7,27.2,10.1,6.342,0.794,0.5625
18,W8X31,W8X31,9.13,8.0,7.995,0.435,0.285,110.0,0.54,0.67,37.1,30.4,14.1,6.342,0.859,0.3125
19,W8X35,W8X35,10.3,8.12,8.02,0.495,0.31,127.0,0.77,0.69,42.6,34.7,16.1,6.342,0.829,0.75
20,W8X40,W8X40,11.7,8.25,8.07,0.56,0.36,146.0,1.12,0.74,49.1,39.8,18.5,6.342,0.889,0.8125
21,W8X48,W8X48,14.1,8.5,8.11,0.685,0.4,184.0,1.96,0.78,60.9,49.0,22.9,6.34,1.08,0.8125
22,W8X58,W8X58,17.1,8.75,8.22,0.81,0.51,228.0,3.34,0.87,75.1,59.8,27.9,6.35,1.2,0.875
23,W8X67,W8X67,19.7,9.0,8.28,0.935,0.57,272.0,5.06,0.94,88.6,70.2,32.7,6.34,1.33,0.9375
24,W10X12,W10X12,3.54,9.87,3.96,0.21,0.19,53.8,0.05,1.36,2.2,12.6,1.7,8.85,0.51,0.5625
25,W10X15,W10X15,4.41,9.99,4.0,0.27,0.23,68.9,0.1,1.37,2.9,16.0,2.3,8.85,0.57,0.5625
26,W10X17,W10X17,4.99,10.11,4.01,0.33,0.24,81.9,0.16,1.32,3.6,18.7,2.8,8.84,0.63,0.5625
27,W10X19,W10X19,5.62,10.24,4.02,0.395,0.25,96.3,0.23,1.28,4.3,21.6,3.4,8.81,0.695,0.625
28,W10X22,W10X22,6.49,10.17,5.75,0.36,0.24,118.0,0.24,1.07,11.4,26.0,6.1,8.88,0.66,0.625
29,W10X26,W10X26,7.61,10.33,5.77,0.44,0.26,144.0,0.4,1.06,14.1,31.3,7.5,8.82,0.74,0.6875
30,W10X30,W10X30,8.84,10.47,5.81,0.51,0.3,170.0,0.62,1.1,16.7,36.6,8.8,8.88,0.81,0.6875
31,W10X33,W10X33,9.71,9.73,7.96,0.435,0.29,170.0,0.58,0.87,36.6,38.8,14.0,7.86,0.935,0.75
32,W10X39,W10X39,11.5,9.92,7.985,0.53,0.315,209.0,0.98,0.88,45.0,46.8,17.2,7.86,1.03,0.8125
33,W10X45,W10X45,13.3,10.1,8.02,0.62,0.35,248.0,1.51,0.91,53.4,54.9,20.3,7.86,1.12,0.8125
34,W10X49,W10X49,14.4,9.98,10.0,0.56,0.34,272.0,1.39,0.81,93.4,60.4,28.3,7.86,1.06,0.8125
35,W10X54,W10X54,15.8,10.09,10.03,0.615,0.37,303.0,1.82,0.84,103.0,66.6,31.3,7.86,1.12,0.8125
36,W10X60,W10X60,17.6,10.22,10.08,0.68,0.42,341.0,2.48,0.88,116.0,74.6,35.0,7.84,1.18,0.8125
37,W10X68,W10X68,20.0,10.4,10.13,0.77,0.47,394.0,3.56,0.93,134.0,85.3,40.1,7.86,1.27,0.875
38,W10X77,W10X77,22.6,10.6,10.19,0.87,0.53,455.0,5.11,0.99,154.0,97.6,45.9,7.86,1.37,0.875
39,W10X88,W10X88,25.9,10.84,10.265,0.99,0.605,534.0,7.53,1.06,179.0,113.0,53.1,7.82,1.49,0.9375
40,W10X100,W10X100,29.4,11.1,10.34,1.12,0.68,623.0,10.9,1.13,207.0,130.0,61.0,7.86,1.62,1.0
41,W10X112,W10X112,32.9,11.36,10.415,1.25,0.755,716.0,15.1,1.21,236.0,147.0,69.2,7.9,1.75,1.0
42,W12X14,W12X14,4.16,11.91,3.97,0.225,0.2,88.6,0.07,1.76,2.4,17.4,1.9,10.85,0.525,0.5625
43,W12X16,W12X16,4.71,11.99,3.99,0.265,0.22,103.0,0.1,1.74,2.8,20.1,2.3,10.87,0.565,0.5625
44,W12X19,W12X19,5.57,12.16,4.005,0.35,0.235,130.0,0.18,1.65,3.8,24.7,3.0,10.9,0.65,0.5625
45,W12X22,W12X22,6.48,12.31,4.03,0.425,0.26,156.0,0.29,1.63,4.7,29.3,3.7,10.85,0.725,0.625
46,W12X26,W12X26,7.65,12.22,6.49,0.38,0.23,204.0,0.3,1.25,17.3,37.2,8.2,10.84,0.68,0.75
47,W12X30,W12X30,8.79,12.34,6.52,0.44,0.26,238.0,0.46,1.27,20.3,43.1,9.6,10.82,0.74,0.75
48,W12X35,W12X35,10.3,12.5,6.56,0.52,0.3,285.0,0.74,1.3,24.5,51.2,11.5,10.86,0.82,0.75
49,W12X40,W12X40,11.8,11.94,8.005,0.515,0.295,310.0,0.95,1.08,44.1,57.5,16.8,9.86,1.02,0.875
50,W12X45,W12X45,13.2,12.06,8.045,0.575,0.335,350.0,1.31,1.13,50.0,64.7,19.0,9.94,1.08,0.9375
51,W12X50,W12X50,14.7,12.19,8.08,0.64,0.37,394.0,1.78,1.17,56.3,72.4,21.4,9.92,1.14,0.9375
52,W12X53,W12X53,15.6,12.06,9.995,0.575,0.345,425.0,1.58,1.02,95.8,77.9,29.1,9.76,1.17,0.9375
53,W12X58,W12X58,17.0,12.19,10.01,0.64,0.36,475.0,2.1,1.03,107.0,86.4,32.5,9.72,1.24,0.9375
54,W12X65,W12X65,19.1,12.12,12.0,0.605,0.39,533.0,2.18,0.99,174.0,96.8,44.1,9.7,1.2,1.0
55,W12X72,W12X72,21.1,12.25,12.04,0.67,0.43,597.0,2.93,1.02,195.0,108.0,49.2,9.76,1.27,1.0625
56,W12X79,W12X79,23.2,12.38,12.08,0.735,0.47,662.0,3.84,1.06,216.0,119.0,54.3,9.74,1.33,1.0625
57,W12X87,W12X87,25.6,12.53,12.125,0.81,0.515,740.0,5.1,1.1,241.0,132.0,60.4,9.68,1.41,1.0625
58,W12X96,W12X96,28.2,12.71,12.16,0.9,0.55,833.0,6.86,1.13,270.0,147.0,67.5,9.7,1.5,1.125
59,W12X106,W12X106,31.2,12.89,12.22,0.99,0.61,933.0,9.13,1.19,301.0,164.0,75.1,9.72,1.59,1.125
60,W12X120,W12X120,35.3,13.12,12.32,1.105,0.71,1070.0,12.9,1.28,345.0,186.0,85.4,9.7,1.7,1.1875
61,W12X136,W12X136,39.9,13.41,12.4,1.25,0.79,1240.0,18.5,1.35,398.0,214.0,98.0,9.7,1.85,1.25
62,W12X152,W12X152,44.7,13.71,12.48,1.4,0.87,1430.0,25.8,1.43,454.0,243.0,111.0,9.7,2.0,1.25
63,W12X170,W12X170,50.0,14.03,12.57,1.56,0.96,1650.0,35.6,1.52,517.0,275.0,126.0,9.68,2.16,1.3125
64,W12X190,W12X190,55.8,14.38,12.67,1.735,1.06,1890.0,48.8,1.62,589.0,311.0,143.0,9.74,2.33,1.375
65,W12X210,W12X210,61.8,14.71,12.79,1.9,1.18,2140.0,64.7,1.72,664.0,348.0,159.0,9.7,2.5,1.4375
66,W12X230,W12X230,67.7,15.05,12.895,2.07,1.285,2420.0,83.8,1.82,742.0,386.0,177.0,9.76,2.67,1.5
67,W12X252,W12X252,74.1,15.41,13.005,2.25,1.395,2720.0,108.0,1.92,828.0,428.0,196.0,9.7,2.85,1.5
68,W12X279,W12X279,81.9,15.85,13.14,2.47,1.53,3110.0,143.0,2.05,937.0,481.0,220.0,9.76,3.07,1.625
69,W12X305,W12X305,89.6,16.32,13.235,2.705,1.625,3550.0,185.0,2.16,1050.0,537.0,244.0,9.7,3.3,1.625
70,W12X336,W12X336,98.8,16.82,13.385,2.955,1.775,4060.0,243.0,2.31,1190.0,603.0,274.0,9.7,3.55,1.6875
71,W14X22,W14X22,6.49,13.74,5.0,0.335,0.23,199.0,0.21,1.76,7.0,33.2,4.4,12.23,0.735,0.75
72,W14X26,W14X26,7.69,13.91,5.025,0.42,0.255,245.0,0.36,1.72,8.9,40.2,5.5,12.26,0.82,0.75
73,W14X30,W14X30,8.85,13.84,6.73,0.385,0.27,291.0,0.38,1.58,19.6,47.3,9.0,12.23,0.785,0.75
74,W14X34,W14X34,10.0,13.98,6.745,0.455,0.285,340.0,0.57,1.53,23.3,54.6,10.6,12.29,0.855,0.75
75,W14X38,W14X38,11.2,14.1,6.77,0.515,0.31,385.0,0.8,1.54,26.7,61.5,12.1,12.27,0.915,0.8125
76,W14X43,W14X43,12.6,13.66,7.995,0.53,0.305,428.0,1.05,1.31,45.2,69.6,17.3,11.46,1.12,1.0
77,W14X48,W14X48,14.1,13.79,8.03,0.595,0.34,485.0,1.46,1.35,51.4,78.4,19.6,14.42,1.19,1.0
78,W14X53,W14X53,15.6,13.92,8.06,0.66,0.37,541.0,1.94,1.38,57.7,87.1,22.0,14.4,1.25,1.0
79,W14X61,W14X61,17.9,13.89,9.995,0.645,0.375,640.0,2.2,1.25,107.0,102.0,32.8,11.42,1.24,1.0
80,W14X68,W14X68,20.0,14.04,10.035,0.72,0.415,723.0,3.02,1.29,121.0,115.0,36.9,11.38,1.31,1.0625
81,W14X74,W14X74,21.8,14.17,10.07,0.785,0.45,796.0,3.88,1.32,134.0,126.0,40.6,11.44,1.38,1.0625
82,W14X82,W14X82,24.1,14.31,10.13,0.855,0.51,882.0,5.08,1.39,148.0,139.0,44.8,11.4,1.45,1.0625
83,W14X90,W14X90,26.5,14.02,14.52,0.71,0.44,999.0,4.06,1.09,362.0,157.0,75.6,11.38,1.31,1.4375
84,W14X99,W14X99,29.1,14.16,14.565,0.78,0.485,1110.0,5.37,1.14,402.0,173.0,83.6,11.44,1.38,1.4375
85,W16X100,W16X100,29.4,16.97,10.425,0.985,0.585,1490.0,7.73,1.76,186.0,198.0,54.9,13.62,1.69,1.125
86,W14X109,W14X109,32.0,14.32,14.605,0.86,0.525,1240.0,7.12,1.17,447.0,192.0,92.7,11.38,1.46,1.5
87,W14X120,W14X120,35.3,14.48,14.67,0.94,0.59,1380.0,9.37,1.24,495.0,212.0,102.0,11.42,1.54,1.5
88,W14X132,W14X132,38.8,14.66,14.725,1.03,0.645,1530.0,12.3,1.29,548.0,234.0,113.0,11.44,1.63,1.5625
89,W14X145,W14X145,42.7,14.78,15.5,1.09,0.68,1710.0,15.2,1.29,677.0,260.0,133.0,11.42,1.69,1.5625
90,W14X159,W14X159,46.7,14.98,15.565,1.19,0.745,1900.0,19.8,1.35,748.0,287.0,146.0,11.42,1.79,1.5625
91,W14X176,W14X176,51.8,15.22,15.65,1.31,0.83,2140.0,26.5,1.43,838.0,320.0,163.0,11.38,1.91,1.625
92,W14X193,W14X193,56.8,15.48,15.71,1.44,0.89,2400.0,34.8,1.49,931.0,355.0,180.0,11.42,2.04,1.6875
93,W14X211,W14X211,62.0,15.72,15.8,1.56,0.98,2660.0,44.6,1.57,1030.0,390.0,198.0,11.38,2.16,1.6875
94,W14X233,W14X233,68.5,16.04,15.89,1.72,1.07,3010.0,59.5,1.65,1150.0,436.0,221.0,11.36,2.32,1.75
95,W14X257,W14X257,75.6,16.38,15.995,1.89,1.175,3400.0,79.1,1.75,1290.0,487.0,246.0,11.42,2.49,1.8125
96,W14X283,W14X283,83.3,16.74,16.11,2.07,1.29,3840.0,104.0,1.86,1440.0,542.0,274.0,11.36,2.67,1.875
97,W14X311,W14X311,91.4,17.12,16.23,2.26,1.41,4330.0,136.0,1.97,1610.0,603.0,304.0,11.38,2.86,1.9375
98,W14X342,W14X342,101.0,17.54,16.36,2.47,1.54,4900.0,178.0,2.09,1810.0,672.0,338.0,11.36,3.07,2.0
99,W14X370,W14X370,109.0,17.92,16.475,2.66,1.655,5440.0,222.0,2.19,1990.0,736.0,370.0,11.38,3.26,2.0625
100,W14X398,W14X398,117.0,18.29,16.59,2.845,1.77,6000.0,273.0,2.3,2170.0,801.0,402.0,11.42,3.44,2.125
101,W14X426,W14X426,125.0,18.67,16.695,3.035,1.875,6600.0,331.0,2.4,2360.0,869.0,434.0,11.44,3.63,2.125
102,W14X455,W14X455,134.0,19.02,16.835,3.21,2.015,7190.0,395.0,2.51,2560.0,936.0,468.0,11.38,3.81,2.25
103,W14X500,W14X500,147.0,19.6,17.01,3.5,2.19,8210.0,514.0,2.67,2880.0,1050.0,522.0,11.4,4.1,2.3125
104,W14X550,W14X550,162.0,20.24,17.2,3.82,2.38,9430.0,670.0,2.85,3250.0,1180.0,583.0,11.36,4.42,2.375
105,W14X605,W14X605,178.0,20.92,17.415,4.16,2.595,10800.0,870.0,3.05,3680.0,1320.0,652.0,11.38,4.76,2.5
106,W14X665,W14X665,196.0,21.64,17.65,4.52,2.83,12400.0,1120.0,3.25,4170.0,1480.0,730.0,11.36,5.12,2.625
107,W14X730,W14X730,215.0,22.42,17.89,4.91,3.07,14300.0,1450.0,3.47,4720.0,1660.0,816.0,11.38,5.51,2.75
108,W16X26,W16X26,7.68,15.69,5.5,0.345,0.25,301.0,0.26,2.09,9.6,44.2,5.5,14.206,0.747,0.75
109,W16X31,W16X31,9.12,15.88,5.525,0.44,0.275,375.0,0.46,2.02,12.4,54.0,7.0,14.216,0.842,0.75
110,W16X36,W16X36,10.6,15.86,6.985,0.43,0.295,448.0,0.54,1.88,24.5,64.0,10.8,14.236,0.832,0.75
111,W16X40,W16X40,11.8,16.01,6.995,0.505,0.305,518.0,0.79,1.81,28.9,72.9,12.7,14.186,0.907,0.8125
112,W16X45,W16X45,13.3,16.13,7.035,0.565,0.345,586.0,1.11,1.86,32.8,82.3,14.5,14.166,0.967,0.8125
113,W16X50,W16X50,14.7,16.26,7.07,0.63,0.38,659.0,1.52,1.89,37.2,92.0,16.3,14.24,1.03,0.8125
114,W16X57,W16X57,16.8,16.43,7.12,0.715,0.43,758.0,2.22,1.94,43.1,105.0,18.9,14.16,1.12,0.875
115,W16X67,W16X67,19.7,16.33,10.235,0.665,0.395,954.0,2.39,1.56,119.0,130.0,35.5,13.56,1.37,1.0
116,W16X77,W16X77,22.6,16.52,10.295,0.76,0.455,1110.0,3.57,1.63,138.0,150.0,41.1,13.56,1.47,1.0625
117,W16X89,W16X89,26.2,16.75,10.365,0.875,0.525,1300.0,5.45,1.7,163.0,175.0,48.1,13.64,1.58,1.0625
118,W18X35,W18X35,10.3,17.7,6.0,0.425,0.3,510.0,0.51,2.39,15.3,66.5,8.1,16.046,0.827,0.75
119,W18X40,W18X40,11.8,17.9,6.015,0.525,0.315,612.0,0.81,2.29,19.1,78.4,10.0,16.046,0.927,0.8125
120,W18X46,W18X46,13.5,18.06,6.06,0.605,0.36,712.0,1.22,2.33,22.5,90.7,11.7,16.08,1.01,0.8215
121,W18X50,W18X50,14.7,17.99,7.495,0.57,0.355,800.0,1.24,2.12,40.1,101.0,16.6,16.056,0.972,0.8125
122,W18X55,W18X55,16.2,18.11,7.53,0.63,0.39,890.0,1.66,2.16,44.9,112.0,18.5,16.04,1.03,0.8125
123,W18X60,W18X60,17.6,18.24,7.555,0.695,0.415,984.0,2.17,2.16,50.1,123.0,20.6,16.0,1.1,0.8125
124,W18X65,W18X65,19.1,18.35,7.59,0.75,0.45,1070.0,2.73,2.2,54.8,133.0,22.5,16.1,1.15,0.875
125,W18X71,W18X71,20.8,18.47,7.635,0.81,0.495,1170.0,3.48,2.26,60.3,145.0,24.7,16.08,1.21,0.875
126,W18X76,W18X76,22.3,18.21,11.035,0.68,0.425,1330.0,2.83,1.8,152.0,163.0,42.2,16.04,1.08,1.0625
127,W18X86,W18X86,25.3,18.39,11.09,0.77,0.48,1530.0,4.1,1.86,175.0,186.0,48.4,16.06,1.17,1.0625
128,W18X97,W18X97,28.5,18.59,11.145,0.87,0.535,1750.0,5.86,1.91,201.0,211.0,55.3,16.06,1.27,1.125
129,W18X106,W18X106,31.1,18.73,11.2,0.94,0.59,1910.0,7.48,1.97,220.0,230.0,60.5,16.02,1.34,1.125
130,W18X119,W18X119,35.1,18.97,11.265,1.06,0.655,2190.0,10.6,2.03,253.0,261.0,69.1,16.08,1.46,1.1875
131,W18X130,W18X130,38.2,19.25,11.16,1.2,0.67,2460.0,14.7,2.02,278.0,291.0,76.7,16.1,1.6,1.1875
132,W18X143,W18X143,42.1,19.49,11.22,1.32,0.73,2750.0,19.4,2.09,311.0,322.0,85.4,16.06,1.72,1.1875
133,W18X158,W18X158,46.3,19.72,11.3,1.44,0.81,3060.0,25.4,2.17,347.0,356.0,94.8,16.02,1.84,1.25
134,W18X175,W18X175,51.3,20.04,11.375,1.59,0.89,3450.0,34.2,2.26,391.0,398.0,106.0,16.02,1.99,1.25
135,W18X192,W18X192,56.4,20.35,11.455,1.75,0.96,3870.0,45.2,2.34,440.0,442.0,119.0,15.5,2.438,0.938
136,W18X211,W18X211,62.1,20.67,11.555,1.91,1.06,4330.0,59.3,2.44,493.0,490.0,132.0,15.5,2.563,1.0
137,W18X234,W18X234,68.8,21.06,11.65,2.11,1.16,4900.0,79.7,2.55,558.0,549.0,149.0,15.5,2.75,1.0
138,W18X258,W18X258,75.9,21.46,11.77,2.3,1.28,5510.0,104.0,2.68,628.0,611.0,166.0,15.5,3.0,1.125
139,W18X283,W18X283,83.2,21.85,11.89,2.5,1.4,6160.0,135.0,2.8,704.0,676.0,185.0,15.5,3.188,1.188
140,W18X311,W18X311,91.5,22.32,12.005,2.74,1.52,6960.0,177.0,2.93,795.0,753.0,207.0,15.5,3.438,1.188
141,W21X44,W21X44,13.0,20.66,6.5,0.45,0.35,843.0,0.77,2.98,20.7,95.4,10.2,18.8,0.95,0.8125
142,W21X48,W21X48,14.1,20.625,8.14,0.43,0.35,959.0,0.803,0.459,38.7,107.0,14.9,18.375,0.93,0.813
143,W21X50,W21X50,14.7,20.83,6.53,0.535,0.38,984.0,1.14,2.93,24.9,110.0,12.2,18.72,1.04,0.8125
144,W21X57,W21X57,16.7,21.06,6.555,0.65,0.405,1170.0,1.77,2.85,30.6,129.0,14.8,18.8,1.15,0.8125
145,W21X62,W21X62,18.3,20.99,8.24,0.615,0.4,1330.0,1.83,2.58,57.5,144.0,21.7,18.76,1.12,0.8125
146,W21X68,W21X68,20.0,21.13,8.27,0.685,0.43,1480.0,2.45,2.59,64.7,160.0,24.4,18.72,1.19,0.875
147,W21X73,W21X73,21.5,21.24,8.295,0.74,0.455,1600.0,3.02,2.6,70.6,172.0,26.6,18.72,1.24,0.875
148,W21X83,W21X83,24.3,21.43,8.355,0.835,0.515,1830.0,4.34,2.66,81.4,196.0,30.5,18.72,1.34,0.875
149,W21X93,W21X93,27.3,21.62,8.42,0.93,0.58,2070.0,6.03,2.74,92.9,221.0,34.7,18.74,1.43,0.9375
150,W21X101,W21X101,29.8,21.36,12.29,0.8,0.5,2420.0,5.21,2.18,248.0,253.0,61.7,18.8,1.3,1.0625
151,W21X111,W21X111,32.7,21.51,12.34,0.875,0.55,2670.0,6.83,2.23,274.0,279.0,68.2,18.74,1.38,1.125
152,W21X122,W21X122,35.9,21.68,12.39,0.96,0.6,2960.0,8.98,2.28,305.0,307.0,75.6,18.78,1.46,1.125
153,W21X132,W21X132,38.8,21.83,12.44,1.035,0.65,3220.0,11.3,2.33,333.0,333.0,82.3,18.72,1.54,1.125
154,W21X147,W21X147,43.2,22.06,12.51,1.15,0.72,3630.0,15.4,2.39,376.0,373.0,92.6,18.8,1.65,1.1875
155,W21X166,W21X166,48.8,22.48,12.42,1.36,0.75,4280.0,23.9,2.39,435.0,432.0,108.0,18.78,1.86,1.1875
156,W21X182,W21X182,53.6,22.72,12.5,1.48,0.83,4730.0,31.0,2.48,483.0,476.0,119.0,18.74,1.98,1.25
157,W21X201,W21X201,59.2,23.03,12.575,1.63,0.91,5310.0,41.3,2.57,542.0,530.0,133.0,18.74,2.13,1.3125
158,W21X223,W21X223,65.4,23.35,12.675,1.79,1.0,5950.0,54.9,2.656,609.0,589.0,149.0,18.25,2.5625,1.0625
159,W21X248,W21X248,72.8,23.74,12.775,1.99,1.1,6760.0,75.2,2.764,694.0,663.0,169.0,18.25,2.75,1.167
160,W21X275,W21X275,80.8,24.13,12.89,2.19,1.22,7620.0,101.0,2.891,785.0,741.0,189.0,18.25,3.0,1.1875
161,W21X300,W21X300,88.2,24.53,12.99,2.38,1.32,8480.0,130.0,3.001,873.0,816.0,210.0,18.25,3.125,1.25
162,W21X333,W21X333,97.9,25.0,13.13,2.62,1.46,9610.0,174.0,3.148,994.0,915.0,237.0,18.25,3.375,1.3125
163,W21X364,W21X364,107.0,25.47,13.265,2.85,1.59,10800.0,225.0,3.296,1120.0,1010.0,263.0,18.25,3.625,1.375
164,W21X402,W21X402,118.0,26.02,13.405,3.13,1.73,12200.0,297.0,3.451,1270.0,1130.0,296.0,18.25,3.875,1.4375
165,W24X55,W24X55,16.2,23.57,7.005,0.505,0.395,1350.0,1.18,3.5,29.1,134.0,13.3,21.38,1.11,1.0
166,W24X62,W24X62,18.2,23.74,7.04,0.59,0.43,1550.0,1.71,3.46,34.5,153.0,15.7,21.32,1.19,1.0625
167,W24X68,W24X68,20.1,23.73,8.965,0.585,0.415,1830.0,1.87,3.06,70.4,177.0,24.5,21.52,1.09,1.0625
168,W24X76,W24X76,22.4,23.92,8.99,0.68,0.44,2100.0,2.68,3.0,82.5,200.0,28.6,21.54,1.18,1.0625
169,W24X84,W24X84,24.7,24.1,9.02,0.77,0.47,2370.0,3.7,2.97,94.4,224.0,32.6,21.56,1.27,1.0625
170,W24X94,W24X94,27.7,24.31,9.065,0.875,0.515,2700.0,5.26,2.99,109.0,254.0,37.5,21.54,1.38,1.0625
171,W24X103,W24X103,30.3,24.53,9.0,0.98,0.55,3000.0,7.11,3.01,119.0,280.0,41.5,21.54,1.48,1.125
172,W24X104,W24X104,30.6,24.06,12.75,0.75,0.5,3100.0,4.72,2.59,259.0,289.0,62.4,21.6,1.25,1.0625
173,W24X117,W24X117,34.4,24.26,12.8,0.85,0.55,3540.0,6.72,2.62,297.0,327.0,71.4,21.6,1.35,1.125
174,W24X131,W24X131,38.5,24.48,12.855,0.96,0.605,4020.0,9.5,2.65,340.0,370.0,81.5,21.58,1.46,1.125
175,W24X146,W24X146,43.0,24.74,12.9,1.09,0.65,4580.0,13.4,2.66,391.0,418.0,93.2,21.52,1.59,1.125
176,W24X162,W24X162,47.7,25.0,12.955,1.22,0.705,5170.0,18.5,2.7,443.0,468.0,105.0,21.56,1.72,1.1875
177,W24X176,W24X176,51.7,25.24,12.89,1.34,0.75,5680.0,24.1,2.74,479.0,511.0,115.0,21.52,1.84,1.1875
178,W24X192,W24X192,56.3,25.47,12.95,1.46,0.81,6260.0,31.0,2.8,530.0,559.0,126.0,21.58,1.96,1.25
179,W24X207,W24X207,60.7,25.71,13.01,1.57,0.87,6820.0,38.6,2.87,578.0,606.0,137.0,21.56,2.07,1.25
180,W24X229,W24X229,67.2,26.02,13.11,1.73,0.96,7650.0,51.8,2.96,651.0,676.0,154.0,21.54,2.23,1.3125
181,W24X250,W24X250,73.5,26.34,13.185,1.89,1.04,8490.0,67.3,3.05,724.0,744.0,171.0,21.52,2.39,1.375
182,W24X279,W24X279,82.0,26.73,13.305,2.09,1.16,9600.0,91.7,3.18,823.0,835.0,193.0,21.52,2.59,1.4375
183,W24X306,W24X306,89.8,27.13,13.405,2.28,1.26,10700.0,119.0,3.29,919.0,922.0,214.0,21.54,2.78,1.4375
184,W24X335,W24X335,98.4,27.52,13.52,2.48,1.38,11900.0,154.0,3.42,1030.0,1020.0,238.0,21.54,2.98,1.5
185,W24X370,W24X370,108.0,27.99,13.66,2.72,1.52,13400.0,205.0,3.57,1160.0,1120.0,267.0,21.56,3.22,1.5625
186,W24X408,W24X408,119.0,28.54,13.8,2.99,1.65,15100.0,271.0,3.74,1320.0,1250.0,300.0,21.0,3.75,1.375
187,W24X450,W24X450,132.0,29.09,13.955,3.27,1.81,17100.0,357.0,3.885,1490.0,1410.0,337.0,21.0,4.0625,1.5
188,W24X492,W24X492,144.0,29.65,14.115,3.54,1.97,19100.0,456.0,4.07,1670.0,1550.0,375.0,21.0,4.313,1.563
189,W27X84,W27X84,24.8,26.71,9.96,0.64,0.46,2850.0,2.81,3.48,106.0,244.0,33.2,24.22,1.24,1.0625
190,W27X94,W27X94,27.7,26.92,9.99,0.745,0.49,3270.0,4.03,3.41,124.0,278.0,38.8,24.22,1.34,1.0625
191,W27X102,W27X102,30.0,27.09,10.015,0.83,0.515,3620.0,5.29,3.37,139.0,305.0,43.4,24.24,1.43,1.0625
192,W27X114,W27X114,33.5,27.29,10.07,0.93,0.57,4090.0,7.33,3.42,159.0,343.0,49.3,24.24,1.53,1.125
193,W27X129,W27X129,37.8,27.63,10.01,1.1,0.61,4760.0,11.2,3.39,184.0,395.0,57.6,24.2,1.7,1.125
194,W27X146,W27X146,42.9,27.38,13.965,0.975,0.605,5630.0,10.9,2.95,443.0,461.0,97.5,23.88,1.76,1.125
195,W27X161,W27X161,47.4,27.59,14.02,1.08,0.66,6280.0,14.7,2.99,497.0,512.0,109.0,23.86,1.87,1.1875
196,W27X178,W27X178,52.3,27.81,14.085,1.19,0.725,6990.0,19.5,3.05,555.0,567.0,122.0,23.84,1.98,1.1875
197,W27X194,W27X194,57.0,28.11,14.035,1.34,0.75,7820.0,26.5,3.03,618.0,628.0,136.0,23.84,2.13,1.1875
198,W27X217,W27X217,63.8,28.43,14.115,1.5,0.83,8870.0,37.0,3.11,704.0,708.0,154.0,23.82,2.29,1.25
199,W27X235,W27X235,69.1,28.66,14.19,1.61,0.91,9660.0,46.3,3.2,768.0,769.0,168.0,23.9,2.4,1.3125
200,W27X258,W27X258,75.7,28.98,14.27,1.77,0.98,10800.0,61.0,3.27,859.0,850.0,187.0,23.88,2.56,1.3125
201,W27X281,W27X281,82.6,29.29,14.35,1.93,1.06,11900.0,78.8,3.35,953.0,933.0,206.0,23.86,2.72,1.375
202,W27X307,W27X307,90.2,29.61,14.445,2.09,1.16,13100.0,101.0,3.47,1050.0,1020.0,227.0,23.84,2.88,1.4375
203,W27X336,W27X336,98.7,30.0,14.545,2.28,1.26,14500.0,131.0,3.58,1170.0,1130.0,252.0,23.86,3.07,1.4375
204,W27X368,W27X368,108.0,30.39,14.665,2.48,1.38,16100.0,169.0,3.71,1310.0,1240.0,279.0,23.86,3.27,1.5
205,W27X407,W27X407,119.0,30.87,14.8,2.72,1.52,18100.0,225.0,3.869,1480.0,1380.0,313.0,24.0,3.4375,1.4375
206,W27X448,W27X448,131.0,31.42,14.94,2.99,1.65,20400.0,297.0,4.02,1670.0,1530.0,351.0,24.0,3.688,1.5
207,W27X494,W27X494,145.0,31.97,15.095,3.27,1.81,22900.0,391.0,4.169,1890.0,1710.0,394.0,24.0,4.0,1.5625
208,W27X539,W27X539,158.0,32.52,15.255,3.54,1.97,25500.0,499.0,4.39,2110.0,1880.0,437.0,23.84,4.33,1.8125
209,W30X90,W30X90,26.4,29.53,10.4,0.61,0.47,3620.0,2.94,4.04,115.0,283.0,34.7,26.98,1.26,1.0625
210,W30X99,W30X99,29.1,29.65,10.45,0.67,0.52,3990.0,3.77,4.09,128.0,312.0,38.6,27.06,1.32,1.0625
211,W30X108,W30X108,31.7,29.83,10.475,0.76,0.545,4470.0,4.99,4.01,146.0,346.0,43.9,26.98,1.41,1.125
212,W30X116,W30X116,34.2,30.01,10.495,0.85,0.565,4930.0,6.43,3.94,164.0,378.0,49.2,27.0,1.5,1.125
213,W30X124,W30X124,36.5,30.17,10.515,0.93,0.585,5360.0,7.99,3.9,181.0,408.0,54.0,27.04,1.58,1.125
214,W30X132,W30X132,38.9,30.31,10.545,1.0,0.615,5770.0,9.72,3.9,196.0,437.0,58.4,27.0,1.65,1.125
215,W30X148,W30X148,43.5,30.67,10.48,1.18,0.65,6680.0,14.6,3.84,227.0,500.0,68.0,27.04,1.83,1.125
216,W30X173,W30X173,50.8,30.44,14.985,1.065,0.655,8200.0,15.3,3.31,598.0,605.0,123.0,26.7,1.85,1.125
217,W30X191,W30X191,56.1,30.68,15.04,1.185,0.71,9170.0,20.6,3.35,673.0,673.0,138.0,26.76,1.97,1.1875
218,W30X211,W30X211,62.0,30.94,15.105,1.315,0.775,10300.0,27.9,3.4,757.0,749.0,154.0,26.7,2.1,1.1875
219,W30X235,W30X235,69.0,31.3,15.055,1.5,0.83,11700.0,40.0,3.42,855.0,845.0,175.0,26.72,2.29,1.25
220,W30X261,W30X261,76.7,31.61,15.155,1.65,0.93,13100.0,53.8,3.54,959.0,941.0,196.0,26.72,2.44,1.3125
221,W30X292,W30X292,85.7,32.01,15.255,1.85,1.02,14900.0,74.9,3.62,1100.0,1060.0,223.0,26.72,2.64,1.3125
222,W30X326,W30X326,95.7,32.4,15.37,2.05,1.14,16800.0,103.0,3.76,1240.0,1190.0,252.0,26.72,2.84,1.375
223,W30X357,W30X357,104.0,32.8,15.47,2.24,1.24,18600.0,134.0,3.87,1390.0,1300.0,279.0,26.74,3.03,1.4375
224,W30X391,W30X391,114.0,33.19,15.59,2.44,1.36,20700.0,174.0,4.0,1550.0,1430.0,310.0,26.74,3.23,1.5
225,W30X433,W30X433,127.0,33.66,15.725,2.68,1.5,23200.0,231.0,4.15,1750.0,1610.0,348.0,26.75,3.4375,1.5
226,W30X477,W30X477,140.0,34.21,15.865,2.95,1.63,26100.0,307.0,4.3,1970.0,1790.0,390.0,26.75,3.75,1.563
227,W30X526,W30X526,154.0,34.76,16.02,3.23,1.79,29300.0,405.0,4.475,2230.0,1990.0,438.0,26.75,4.0,1.625
228,W30X581,W30X581,170.0,35.39,16.2,3.54,1.97,33000.0,537.0,4.677,2530.0,2210.0,492.0,26.75,4.3125,1.6875
229,W33X118,W33X118,34.7,32.86,11.48,0.74,0.55,5900.0,5.3,4.47,187.0,415.0,51.3,30.02,1.44,1.125
230,W33X130,W33X130,38.3,33.09,11.51,0.855,0.58,6710.0,7.37,4.36,218.0,467.0,59.5,29.98,1.56,1.125
231,W33X141,W33X141,41.6,33.3,11.535,0.96,0.605,7450.0,9.7,4.29,246.0,514.0,66.9,29.98,1.66,1.125
232,W33X152,W33X152,44.7,33.49,11.565,1.055,0.635,8160.0,12.4,4.26,273.0,559.0,73.9,29.98,1.76,1.125
233,W33X169,W33X169,49.5,33.82,11.5,1.22,0.67,9290.0,17.7,4.21,310.0,629.0,84.4,29.96,1.92,1.1875
234,W33X201,W33X201,59.1,33.68,15.745,1.15,0.715,11500.0,20.5,3.78,749.0,772.0,147.0,29.82,1.94,1.1875
235,W33X221,W33X221,65.0,33.93,15.805,1.275,0.775,12800.0,27.5,3.81,840.0,855.0,164.0,29.78,2.06,1.1875
236,W33X241,W33X241,70.9,34.18,15.86,1.4,0.83,14200.0,35.8,3.85,932.0,939.0,182.0,29.82,2.19,1.25
237,W33X263,W33X263,77.4,34.53,15.805,1.57,0.87,15800.0,48.5,3.84,1030.0,1040.0,202.0,29.78,2.36,1.25
238,W33X291,W33X291,85.6,34.84,15.905,1.73,0.96,17700.0,65.0,3.94,1160.0,1150.0,226.0,29.76,2.52,1.3125
239,W33X318,W33X318,93.5,35.16,15.985,1.89,1.04,19500.0,84.4,4.02,1290.0,1270.0,250.0,29.84,2.68,1.3125
240,W33X354,W33X354,104.0,35.55,16.1,2.09,1.16,21900.0,115.0,4.16,1460.0,1420.0,282.0,29.84,2.88,1.375
241,W33X387,W33X387,113.0,35.95,16.2,2.28,1.26,24300.0,149.0,4.27,1620.0,1550.0,312.0,29.86,3.07,1.4375
242,W33X424,W33X424,124.0,36.34,16.315,2.48,1.38,26900.0,193.0,4.415,1800.0,1700.0,345.0,29.86,3.07,1.4375
243,W33X468,W33X468,137.0,36.81,16.455,2.72,1.52,30100.0,256.0,4.565,2030.0,1890.0,387.0,29.75,3.5,1.5625
244,W33X515,W33X515,151.0,37.36,16.59,2.99,1.65,33700.0,338.0,4.697,2290.0,2110.0,433.0,29.75,3.8125,1.625
245,W33X567,W33X567,166.0,37.91,16.75,3.27,1.81,37700.0,444.0,4.88,2580.0,2330.0,485.0,29.75,4.0625,1.6875
246,W33X619,W33X619,181.0,38.47,16.91,3.54,1.97,41800.0,567.0,5.061,2870.0,2560.0,537.0,29.75,4.375,1.75
247,W36X135,W36X135,39.7,35.55,11.95,0.79,0.6,7800.0,6.99,4.96,225.0,509.0,59.7,32.52,1.54,1.125
248,W36X150,W36X150,44.2,35.85,11.975,0.94,0.625,9040.0,10.1,4.78,270.0,581.0,70.9,32.52,1.69,1.125
249,W36X160,W36X160,47.0,36.01,12.0,1.02,0.65,9750.0,12.4,4.74,295.0,624.0,77.3,32.46,1.77,1.125
250,W36X170,W36X170,50.0,36.17,12.03,1.1,0.68,10500.0,15.1,4.73,320.0,668.0,83.8,32.5,1.85,1.1875
251,W36X182,W36X182,53.6,36.33,12.075,1.18,0.725,11300.0,18.4,4.77,347.0,718.0,90.7,32.44,1.93,1.1875
252,W36X194,W36X194,57.0,36.49,12.115,1.26,0.765,12100.0,22.2,4.8,375.0,767.0,97.7,32.48,2.01,1.1875
253,W36X210,W36X210,61.8,36.69,12.18,1.36,0.83,13200.0,28.0,4.87,411.0,833.0,107.0,32.48,2.11,1.25
254,W36X230,W36X230,67.6,35.9,16.47,1.26,0.76,15000.0,28.6,4.01,940.0,943.0,176.0,31.48,2.21,1.5625
255,W36X231,W36X231,68.1,36.5,16.5,1.26,0.76,15600.0,28.7,4.82,940.0,963.0,176.0,32.08,2.21,1.5625
256,W36X232,W36X232,68.1,37.12,12.12,1.57,0.87,15000.0,39.8,4.82,468.0,936.0,122.0,32.46,2.32,1.25
257,W36X245,W36X245,72.1,36.08,16.51,1.35,0.8,16100.0,34.6,4.03,1010.0,1010.0,190.0,31.5,2.3,1.625
258,W36X247,W36X247,72.5,36.7,16.5,1.35,0.8,16700.0,34.7,4.12,1010.0,1030.0,190.0,32.1,2.3,1.625
259,W36X256,W36X256,75.4,37.43,12.215,1.73,0.96,16800.0,53.3,4.92,528.0,1040.0,137.0,32.44,2.48,1.3125
260,W36X260,W36X260,76.5,36.26,16.55,1.44,0.84,17300.0,41.5,4.05,1090.0,1080.0,204.0,31.52,2.39,1.625
261,W36X262,W36X262,77.0,36.9,16.6,1.44,0.84,17900.0,41.6,4.14,1090.0,1100.0,204.0,32.12,2.39,1.625
262,W36X280,W36X280,82.4,36.52,16.595,1.57,0.885,18900.0,52.6,4.07,1200.0,1170.0,223.0,31.46,2.52,1.625
263,W36X282,W36X282,82.9,37.1,16.6,1.57,0.885,19600.0,52.7,4.16,1200.0,1190.0,223.0,32.06,2.52,1.625
264,W36X300,W36X300,88.3,36.74,16.655,1.68,0.945,20300.0,64.2,4.13,1300.0,1260.0,241.0,31.44,2.63,1.6875
265,W36X302,W36X302,88.8,37.3,16.7,1.68,0.945,21100.0,64.3,4.22,1300.0,1280.0,241.0,32.04,2.63,1.6875
266,W36X328,W36X328,96.4,37.09,16.63,1.85,1.02,22500.0,84.5,4.21,1420.0,1380.0,265.0,31.5,2.8,1.75
267,W36X330,W36X330,97.0,37.7,16.6,1.85,1.02,23300.0,84.3,4.3,1420.0,1410.0,265.0,32.1,2.8,1.75
268,W36X359,W36X359,105.0,37.4,16.73,2.01,1.12,24800.0,109.0,4.33,1570.0,1510.0,292.0,31.48,2.96,1.75
269,W36X361,W36X361,106.0,38.0,16.7,2.01,1.12,25700.0,109.0,4.42,1570.0,1550.0,293.0,32.08,2.96,1.75
270,W36X393,W36X393,115.0,37.8,16.83,2.2,1.22,27500.0,143.0,4.44,1750.0,1660.0,325.0,31.5,3.15,1.8125
271,W36X395,W36X395,116.0,38.4,16.8,2.2,1.22,28500.0,142.0,4.53,1750.0,1710.0,325.0,32.1,3.15,1.8125
272,W36X439,W36X439,128.0,38.26,16.965,2.44,1.36,31000.0,195.0,4.6,1990.0,1860.0,367.0,31.52,3.39,1.875
273,W36X441,W36X441,130.0,38.9,17.0,2.44,1.36,32100.0,194.0,4.69,1990.0,1910.0,368.0,32.12,3.39,1.875
274,W36X485,W36X485,142.0,38.74,17.105,2.68,1.5,34700.0,260.0,4.753,2250.0,2070.0,412.0,31.125,3.8125,1.75
275,W36X487,W36X487,143.0,39.3,17.1,2.68,1.5,36000.0,258.0,4.84,2250.0,2130.0,412.0,32.04,3.63,1.875
276,W36X527,W36X527,154.0,39.21,17.22,2.91,1.61,38300.0,330.0,4.87,2490.0,2270.0,454.0,31.48,3.86,2.0
277,W36X529,W36X529,156.0,39.8,17.2,2.91,1.61,39600.0,327.0,4.94,2490.0,2330.0,454.0,32.08,3.86,2.0
278,W36X588,W36X588,172.0,39.84,17.4,3.23,1.79,43500.0,453.0,5.076,2850.0,2550.0,517.0,31.125,4.375,1.875
279,W36X650,W36X650,190.0,40.47,17.575,3.54,1.97,48900.0,600.0,5.26,3230.0,2840.0,580.0,31.52,4.49,2.1875
280,W36X652,W36X652,192.0,41.1,17.6,3.54,1.97,50600.0,593.0,5.35,3230.0,2910.0,581.0,32.12,4.49,2.1875
281,W36X720,W36X720,211.0,41.19,17.775,3.9,2.165,55300.0,804.0,5.477,3680.0,3190.0,656.0,31.125,5.0625,2.0625
282,W36X798,W36X798,234.0,41.97,17.99,4.29,2.38,62600.0,1070.0,5.71,4200.0,3570.0,743.0,31.52,5.24,2.375
283,W36X800,W36X800,236.0,42.6,18.0,4.29,2.38,64700.0,1060.0,5.8,4200.0,3650.0,743.0,32.12,5.24,2.375
284,W36X848,W36X848,249.0,42.45,18.13,4.53,2.52,67400.0,1270.0,5.86,4550.0,3830.0,799.0,31.125,5.688,2.25
285,W40X149,W40X149,43.8,38.2,11.81,0.83,0.63,9780.0,9.6,5.45,229.0,597.0,62.2,34.18,2.01,1.5
286,W40X167,W40X167,49.1,38.59,11.81,1.025,0.65,11600.0,14.0,5.19,283.0,692.0,76.0,34.18,2.21,1.5625
287,W40X183,W40X183,53.7,38.98,11.81,1.22,0.65,13300.0,19.6,4.93,336.0,781.0,89.6,34.2,2.4,1.5625
288,W40X192,W40X192,56.5,38.2,17.71,0.83,0.71,13500.0,13.7,4.792,770.0,807.0,135.0,33.75,2.25,1.5625
289,W40X199,W40X199,58.4,38.67,15.75,1.065,0.65,14900.0,18.1,4.47,695.0,868.0,137.0,34.2,2.25,1.5625
290,W40X211,W40X211,62.0,39.4,11.8,1.42,0.75,15500.0,30.4,5.08,390.0,906.0,105.0,34.2,2.6,1.5625
291,W40X215,W40X215,63.3,38.98,15.75,1.22,0.65,16700.0,24.4,4.28,796.0,963.0,156.0,34.2,2.4,1.5625
292,W40X221,W40X221,64.8,38.67,17.71,1.065,0.71,16600.0,21.2,4.394,988.0,967.0,172.0,34.2,2.6,1.5625
293,W40X235,W40X235,69.0,39.7,11.9,1.58,0.83,17400.0,41.3,5.17,444.0,1010.0,118.0,34.18,2.76,1.625
294,W40X244,W40X244,71.7,39.06,17.71,1.26,0.71,19200.0,30.4,4.153,1170.0,1100.0,203.0,33.75,2.625,1.5625
295,W40X249,W40X249,73.3,39.38,15.75,1.42,0.75,19500.0,37.7,4.41,926.0,1120.0,182.0,34.2,2.6,1.5625
296,W40X264,W40X264,77.6,40.0,11.9,1.73,0.96,19400.0,56.1,5.41,493.0,1130.0,132.0,34.18,2.91,1.6875
297,W40X268,W40X268,78.8,39.37,17.75,1.415,0.75,21500.0,41.1,4.12,1320.0,1220.0,229.0,33.75,2.8125,1.5625
298,W40X277,W40X277,81.3,39.69,15.83,1.575,0.83,21900.0,51.1,4.5,1040.0,1250.0,204.0,34.18,2.76,1.625
299,W40X278,W40X278,82.0,40.2,12.0,1.81,1.03,20500.0,65.0,5.51,521.0,1190.0,140.0,34.22,2.99,1.75
300,W40X297,W40X297,87.4,39.84,15.825,1.65,0.93,23200.0,61.2,4.71,1090.0,1330.0,215.0,34.14,2.83,1.6875
301,W40X298,W40X298,87.6,39.69,17.83,1.575,0.83,24200.0,56.3,4.213,1490.0,1370.0,257.0,33.75,3.0,1.625
302,W40X324,W40X324,95.3,40.16,15.905,1.81,1.0,25600.0,79.4,4.77,1220.0,1460.0,239.0,34.22,2.99,1.6875
303,W40X327,W40X327,96.0,40.8,12.1,2.13,1.18,24500.0,103.0,5.66,640.0,1410.0,170.0,34.18,3.31,1.8125
304,W40X328,W40X328,96.4,40.0,17.91,1.73,0.91,26800.0,74.2,4.304,1660.0,1510.0,286.0,33.75,3.125,1.6875
305,W40X331,W40X331,97.5,40.8,12.2,2.13,1.22,24700.0,105.0,5.74,644.0,1430.0,172.0,34.18,3.31,1.8125
306,W40X362,W40X362,106.0,40.55,16.02,2.01,1.12,28900.0,109.0,4.91,1380.0,1630.0,270.0,34.22,3.19,1.75
307,W40X372,W40X372,109.0,40.6,16.1,2.05,1.16,29600.0,116.0,4.98,1420.0,1680.0,277.0,34.14,3.23,1.8125
308,W40X392,W40X392,115.0,41.6,12.4,2.52,1.42,29900.0,172.0,5.94,803.0,1710.0,212.0,34.2,3.7,1.9375
309,W40X397,W40X397,116.0,40.95,16.12,2.2,1.22,32000.0,142.0,5.03,1540.0,1790.0,300.0,34.24,3.38,1.8125
310,W40X431,W40X431,127.0,41.3,16.2,2.36,1.34,34800.0,177.0,5.18,1690.0,1960.0,328.0,34.22,3.54,1.875
311,W40X436,W40X436,128.0,41.34,16.24,2.4,1.34,35400.0,186.0,5.143,1720.0,1980.0,334.0,33.75,3.8125,1.9375
312,W40X480,W40X480,140.0,41.81,16.36,2.64,1.46,39500.0,245.0,5.299,1940.0,2180.0,374.0,33.75,4.0,2.0
313,W40X503,W40X503,148.0,42.1,16.4,2.76,1.54,41600.0,277.0,5.38,2040.0,2320.0,394.0,34.22,3.94,2.0
314,W40X531,W40X531,156.0,42.34,16.51,2.91,1.61,44300.0,329.0,5.434,2200.0,2450.0,422.0,33.75,4.3125,2.0
315,W40X593,W40X593,174.0,42.99,16.69,3.23,1.79,50400.0,451.0,5.66,2520.0,2750.0,481.0,34.18,4.41,2.125
316,W40X655,W40X655,192.0,43.62,16.87,3.54,1.97,56500.0,596.0,5.853,2860.0,3060.0,541.0,33.75,4.9375,2.25
317,W44X230,W44X230,67.7,42.9,15.8,1.22,0.71,20800.0,24.9,5.17,796.0,1100.0,157.0,38.88,2.01,1.1875
318,W44X262,W44X262,76.9,43.3,15.8,1.42,0.785,24100.0,37.3,5.19,923.0,1270.0,182.0,38.9,2.2,1.1875
319,W44X290,W44X290,85.4,43.6,15.8,1.58,0.865,27000.0,50.9,5.26,1040.0,1410.0,205.0,38.88,2.36,1.25
320,W44X335,W44X335,98.5,44.0,15.9,1.77,1.03,31100.0,74.7,5.53,1200.0,1620.0,236.0,38.88,2.56,1.3125
